sequence,frame,pre_candidates,postnms_kept,suppressed,orphan_suppressed,reference_kept,reference_count_equal,reference_order_equal,reference_min_matched_iou,reference_max_box_abs_diff,reference_max_score_abs_diff,reference_class_mismatch,reference_set_ok
MOT20-01,1,336,40,296,0,40,True,True,0.999998540537561,0.0001220703125,0.0,0,True
MOT20-01,2,338,39,299,0,39,True,True,0.9999986149392651,6.103515625e-05,0.0,0,True
MOT20-01,3,332,37,295,0,37,True,True,0.999998260896786,0.0001220703125,0.0,0,True
MOT20-01,4,331,37,294,0,37,True,True,0.9999979261028985,0.0001220703125,0.0,0,True
MOT20-01,5,333,37,296,0,37,True,True,0.9999976218617493,0.0001220703125,0.0,0,True
MOT20-01,6,323,38,285,0,38,True,True,0.999997761897195,0.0001220703125,0.0,0,True
MOT20-01,7,334,41,293,0,41,True,True,0.9999981242260304,0.0001220703125,0.0,0,True
MOT20-01,8,315,35,280,0,35,True,True,0.9999982905310807,0.0001220703125,0.0,0,True
MOT20-01,9,319,37,282,0,37,True,True,0.9999984788838658,0.0001220703125,0.0,0,True
MOT20-01,10,321,39,282,0,39,True,True,0.999997920111482,0.0001220703125,0.0,0,True
MOT20-01,11,321,36,285,0,36,True,True,0.9999980776956954,0.0001220703125,0.0,0,True
MOT20-01,12,329,38,291,0,38,True,True,0.9999979443768944,0.0001220703125,0.0,0,True
MOT20-01,13,320,37,283,0,37,True,True,0.9999978929003384,0.0001220703125,0.0,0,True
MOT20-01,14,330,40,290,0,40,True,True,0.9999978839248116,0.0001220703125,0.0,0,True
MOT20-01,15,317,36,281,0,36,True,True,0.999997691728474,0.0001220703125,0.0,0,True
MOT20-01,16,323,36,287,0,36,True,True,0.9999983250984005,0.0001220703125,0.0,0,True
MOT20-01,17,321,37,284,0,37,True,True,0.9999984500574602,0.0001220703125,0.0,0,True
MOT20-01,18,325,37,288,0,37,True,True,0.9999979285129831,0.0001220703125,0.0,0,True
MOT20-01,19,324,38,286,0,38,True,True,0.9999966367901525,0.0001220703125,0.0,0,True
MOT20-01,20,333,39,294,0,39,True,True,0.9999982642550226,0.0001220703125,0.0,0,True
MOT20-01,21,337,40,297,0,40,True,True,0.999998219937413,0.0001220703125,0.0,0,True
MOT20-01,22,336,39,297,0,39,True,True,0.9999963971818757,0.0001220703125,0.0,0,True
MOT20-01,23,339,39,300,0,39,True,True,0.999998148885055,0.0001220703125,0.0,0,True
MOT20-01,24,334,37,297,0,37,True,True,0.9999976546137266,0.0001220703125,0.0,0,True
MOT20-01,25,326,38,288,0,38,True,True,0.9999974876310258,0.0001220703125,0.0,0,True
MOT20-01,26,331,37,294,0,37,True,True,0.9999974467497641,0.0001220703125,0.0,0,True
MOT20-01,27,334,37,297,0,37,True,True,0.9999973614250234,0.0001220703125,0.0,0,True
MOT20-01,28,332,37,295,0,37,True,True,0.9999975192690774,0.0001220703125,0.0,0,True
MOT20-01,29,326,36,290,0,36,True,True,0.9999974105865256,0.0001220703125,0.0,0,True
MOT20-01,30,331,37,294,0,37,True,True,0.999997891514188,0.0001220703125,0.0,0,True
MOT20-01,31,318,36,282,0,36,True,True,0.9999981010074156,0.0001220703125,0.0,0,True
MOT20-01,32,338,37,301,0,37,True,True,0.9999984117378923,0.0001220703125,0.0,0,True
MOT20-01,33,334,37,297,0,37,True,True,0.9999957847970274,0.0001220703125,0.0,0,True
MOT20-01,34,329,37,292,0,37,True,True,0.9999983319989325,0.0001220703125,0.0,0,True
MOT20-01,35,346,39,307,0,39,True,True,0.9999978622383647,0.0001220703125,0.0,0,True
MOT20-01,36,334,38,296,0,38,True,True,0.999998469478337,0.0001220703125,0.0,0,True
MOT20-01,37,331,37,294,0,37,True,True,0.9999975772024441,0.0001220703125,0.0,0,True
MOT20-01,38,343,38,305,0,38,True,True,0.9999980232720185,0.0001220703125,0.0,0,True
MOT20-01,39,333,37,296,0,37,True,True,0.9999978774931496,0.0001220703125,0.0,0,True
MOT20-01,40,340,38,302,0,38,True,True,0.9999969643708203,0.0001220703125,0.0,0,True
MOT20-01,41,338,39,299,0,39,True,True,0.9999979367686535,0.0001220703125,0.0,0,True
MOT20-01,42,336,38,298,0,38,True,True,0.9999966533077869,0.0001220703125,0.0,0,True
MOT20-01,43,342,38,304,0,38,True,True,0.9999977699105177,0.0001220703125,0.0,0,True
MOT20-01,44,337,37,300,0,37,True,True,0.9999977113038702,0.0001220703125,0.0,0,True
MOT20-01,45,323,36,287,0,36,True,True,0.9999980573263565,0.0001220703125,0.0,0,True
MOT20-01,46,329,36,293,0,36,True,True,0.9999976717275548,0.0001220703125,0.0,0,True
MOT20-01,47,336,38,298,0,38,True,True,0.999999452574324,6.103515625e-05,0.0,0,True
MOT20-01,48,335,38,297,0,38,True,True,0.9999981712714052,0.0001220703125,0.0,0,True
MOT20-01,49,339,37,302,0,37,True,True,0.9999976572127391,0.0001220703125,0.0,0,True
MOT20-01,50,336,37,299,0,37,True,True,0.999998385338877,0.0001220703125,0.0,0,True
MOT20-01,51,338,37,301,0,37,True,True,0.9999975559026174,0.0001220703125,0.0,0,True
MOT20-01,52,335,37,298,0,37,True,True,0.9999979693039992,0.0001220703125,0.0,0,True
MOT20-01,53,338,38,300,0,38,True,True,0.9999976851101656,0.0001220703125,0.0,0,True
MOT20-01,54,336,37,299,0,37,True,True,0.9999978757798543,0.0001220703125,0.0,0,True
MOT20-01,55,337,37,300,0,37,True,True,0.9999984062830696,0.0001220703125,0.0,0,True
MOT20-01,56,340,38,302,0,38,True,True,0.9999975910173856,0.0001220703125,0.0,0,True
MOT20-01,57,340,39,301,0,39,True,True,0.9999984337704158,0.0001220703125,0.0,0,True
MOT20-01,58,341,38,303,0,38,True,True,0.999997772074288,0.0001220703125,0.0,0,True
MOT20-01,59,348,39,309,0,39,True,True,0.9999980926814943,0.0001220703125,0.0,0,True
MOT20-01,60,353,39,314,0,39,True,True,0.9999978744704775,0.0001220703125,0.0,0,True
MOT20-01,61,359,40,319,0,40,True,True,0.9999976129207824,0.0001220703125,0.0,0,True
MOT20-01,62,355,39,316,0,39,True,True,0.9999975926933429,0.0001220703125,0.0,0,True
MOT20-01,63,354,39,315,0,39,True,True,0.999998487271143,0.0001220703125,0.0,0,True
MOT20-01,64,352,39,313,0,39,True,True,0.999997570905275,0.0001220703125,0.0,0,True
MOT20-01,65,345,40,305,0,40,True,True,0.9999978069886885,0.0001220703125,0.0,0,True
MOT20-01,66,338,38,300,0,38,True,True,0.9999977264645116,0.0001220703125,0.0,0,True
MOT20-01,67,335,37,298,0,37,True,True,0.9999977759441673,0.0001220703125,0.0,0,True
MOT20-01,68,334,37,297,0,37,True,True,0.9999976963461746,0.0001220703125,0.0,0,True
MOT20-01,69,333,37,296,0,37,True,True,0.9999981644943458,0.0001220703125,0.0,0,True
MOT20-01,70,339,37,302,0,37,True,True,0.9999980210951259,0.0001220703125,0.0,0,True
MOT20-01,71,342,39,303,0,39,True,True,0.9999977635039631,0.0001220703125,0.0,0,True
MOT20-01,72,331,37,294,0,37,True,True,0.9999980048760828,0.0001220703125,0.0,0,True
MOT20-01,73,332,39,293,0,39,True,True,0.9999964020622485,0.0001220703125,0.0,0,True
MOT20-01,74,339,37,302,0,37,True,True,0.9999984708825455,0.0001220703125,0.0,0,True
MOT20-01,75,347,38,309,0,38,True,True,0.9999960160908522,0.0001220703125,0.0,0,True
MOT20-01,76,351,39,312,0,39,True,True,0.999997855071469,0.0001220703125,0.0,0,True
MOT20-01,77,348,41,307,0,41,True,True,0.999995275765385,0.0001220703125,0.0,0,True
MOT20-01,78,350,40,310,0,40,True,True,0.9999981516975733,0.0001220703125,0.0,0,True
MOT20-01,79,351,40,311,0,40,True,True,0.9999974129639368,0.0001220703125,0.0,0,True
MOT20-01,80,364,42,322,0,42,True,True,0.9999974709986773,0.0001220703125,0.0,0,True
MOT20-01,81,360,41,319,0,41,True,True,0.9999975252425263,0.0001220703125,0.0,0,True
MOT20-01,82,363,40,323,0,40,True,True,0.9999978971097877,0.0001220703125,0.0,0,True
MOT20-01,83,357,40,317,0,40,True,True,0.9999975301750859,0.0001220703125,0.0,0,True
MOT20-01,84,361,42,319,0,42,True,True,0.9999974392198839,0.0001220703125,0.0,0,True
MOT20-01,85,383,43,340,0,43,True,True,0.9999977426534657,0.0001220703125,0.0,0,True
MOT20-01,86,362,42,320,0,42,True,True,0.9999974635240545,0.0001220703125,0.0,0,True
MOT20-01,87,365,42,323,0,42,True,True,0.9999971472793183,0.0001220703125,0.0,0,True
MOT20-01,88,374,43,331,0,43,True,True,0.999997286899523,0.0001220703125,0.0,0,True
MOT20-01,89,370,43,327,0,43,True,True,0.9999989594259361,6.103515625e-05,0.0,0,True
MOT20-01,90,357,40,317,0,40,True,True,0.9999979839583943,0.0001220703125,0.0,0,True
MOT20-01,91,356,44,312,0,44,True,True,0.9999974033730185,0.0001220703125,0.0,0,True
MOT20-01,92,380,46,334,0,46,True,True,0.9999962204248243,0.0001220703125,0.0,0,True
MOT20-01,93,386,47,339,0,47,True,True,0.9999962465280384,0.0001220703125,0.0,0,True
MOT20-01,94,382,46,336,0,46,True,True,0.9999978806599625,0.0001220703125,0.0,0,True
MOT20-01,95,374,46,328,0,46,True,True,0.99999698715776,0.0001220703125,0.0,0,True
MOT20-01,96,375,45,330,0,45,True,True,0.9999984445408829,0.0001220703125,0.0,0,True
MOT20-01,97,376,47,329,0,47,True,True,0.9999974932065898,0.0001220703125,0.0,0,True
MOT20-01,98,384,46,338,0,46,True,True,0.9999975356954514,0.0001220703125,0.0,0,True
MOT20-01,99,370,45,325,0,45,True,True,0.9999976246726586,0.0001220703125,0.0,0,True
MOT20-01,100,370,45,325,0,45,True,True,0.9999983381885923,0.0001220703125,0.0,0,True
MOT20-01,101,357,44,313,0,44,True,True,0.999997937693599,6.103515625e-05,0.0,0,True
MOT20-01,102,356,43,313,0,43,True,True,0.9999970108261853,0.0001220703125,0.0,0,True
MOT20-01,103,358,43,315,0,43,True,True,0.9999975721555374,0.0001220703125,0.0,0,True
MOT20-01,104,366,43,323,0,43,True,True,0.9999961532173528,0.0001220703125,0.0,0,True
MOT20-01,105,358,43,315,0,43,True,True,0.9999983366046775,0.0001220703125,0.0,0,True
MOT20-01,106,358,41,317,0,41,True,True,0.9999976575255506,0.0001220703125,0.0,0,True
MOT20-01,107,356,41,315,0,41,True,True,0.9999972566437231,0.0001220703125,0.0,0,True
MOT20-01,108,363,44,319,0,44,True,True,0.9999982000208798,0.0001220703125,0.0,0,True
MOT20-01,109,345,39,306,0,39,True,True,0.9999975794368318,0.0001220703125,0.0,0,True
MOT20-01,110,351,39,312,0,39,True,True,0.9999979753396367,0.0001220703125,0.0,0,True
MOT20-01,111,362,40,322,0,40,True,True,0.9999970635880018,0.0001220703125,0.0,0,True
MOT20-01,112,360,40,320,0,40,True,True,0.9999975095818837,0.0001220703125,0.0,0,True
MOT20-01,113,366,41,325,0,41,True,True,0.9999953044809339,0.0001220703125,0.0,0,True
MOT20-01,114,371,41,330,0,41,True,True,0.9999970095297017,0.0001220703125,0.0,0,True
MOT20-01,115,367,42,325,0,42,True,True,0.9999968418683232,0.0001220703125,0.0,0,True
MOT20-01,116,373,43,330,0,43,True,True,0.999997280646771,0.0001220703125,0.0,0,True
MOT20-01,117,375,42,333,0,42,True,True,0.9999978689261733,0.0001220703125,0.0,0,True
MOT20-01,118,373,44,329,0,44,True,True,0.9999978180421729,0.0001220703125,0.0,0,True
MOT20-01,119,365,43,322,0,43,True,True,0.9999961234149612,0.0001220703125,0.0,0,True
MOT20-01,120,365,43,322,0,43,True,True,0.9999978484058045,0.0001220703125,0.0,0,True
MOT20-01,121,379,47,332,0,47,True,True,0.9999977696842096,0.0001220703125,0.0,0,True
MOT20-01,122,383,47,336,0,47,True,True,0.9999980239106807,0.0001220703125,0.0,0,True
MOT20-01,123,389,48,341,0,48,True,True,0.9999976982020656,0.0001220703125,0.0,0,True
MOT20-01,124,378,47,331,0,47,True,True,0.999998084489344,0.0001220703125,0.0,0,True
MOT20-01,125,386,46,340,0,46,True,True,0.9999971462286699,0.0001220703125,0.0,0,True
MOT20-01,126,389,46,343,0,46,True,True,0.9999977296726987,0.0001220703125,0.0,0,True
MOT20-01,127,397,46,351,0,46,True,True,0.9999979465908274,0.0001220703125,0.0,0,True
MOT20-01,128,403,47,356,0,47,True,True,0.9999959853051026,0.0001220703125,0.0,0,True
MOT20-01,129,376,45,331,0,45,True,True,0.9999985448619074,0.0001220703125,0.0,0,True
MOT20-01,130,378,45,333,0,45,True,True,0.9999982963934649,0.0001220703125,0.0,0,True
MOT20-01,131,375,45,330,0,45,True,True,0.9999973484471844,0.0001220703125,0.0,0,True
MOT20-01,132,367,43,324,0,43,True,True,0.999996912979993,0.0001220703125,0.0,0,True
MOT20-01,133,370,43,327,0,43,True,True,0.999997766141859,0.0001220703125,0.0,0,True
MOT20-01,134,381,46,335,0,46,True,True,0.999997969708044,0.0001220703125,0.0,0,True
MOT20-01,135,371,44,327,0,44,True,True,0.9999975851710182,0.0001220703125,0.0,0,True
MOT20-01,136,376,44,332,0,44,True,True,0.9999980679352604,0.0001220703125,0.0,0,True
MOT20-01,137,393,47,346,0,47,True,True,0.9999980552805938,0.0001220703125,0.0,0,True
MOT20-01,138,393,47,346,0,47,True,True,0.9999973264891455,0.0001220703125,0.0,0,True
MOT20-01,139,398,47,351,0,47,True,True,0.9999957153796568,0.0001220703125,0.0,0,True
MOT20-01,140,394,46,348,0,46,True,True,0.9999976204951512,0.0001220703125,0.0,0,True
MOT20-01,141,407,50,357,0,50,True,True,0.9999974724177588,0.0001220703125,0.0,0,True
MOT20-01,142,401,48,353,0,48,True,True,0.9999974277652167,0.0001220703125,0.0,0,True
MOT20-01,143,403,46,357,0,46,True,True,0.9999978179853846,0.0001220703125,0.0,0,True
MOT20-01,144,397,48,349,0,48,True,True,0.9999974990371293,0.0001220703125,0.0,0,True
MOT20-01,145,384,48,336,0,48,True,True,0.9999978146136783,0.0001220703125,0.0,0,True
MOT20-01,146,396,47,349,0,47,True,True,0.9999976408083534,0.0001220703125,0.0,0,True
MOT20-01,147,393,47,346,0,47,True,True,0.9999976039467788,0.0001220703125,0.0,0,True
MOT20-01,148,401,48,353,0,48,True,True,0.9999980734256034,0.0001220703125,0.0,0,True
MOT20-01,149,393,47,346,0,47,True,True,0.9999977563282761,0.0001220703125,0.0,0,True
MOT20-01,150,399,48,351,0,48,True,True,0.9999980684129501,0.0001220703125,0.0,0,True
MOT20-01,151,399,48,351,0,48,True,True,0.9999973372316262,0.0001220703125,0.0,0,True
MOT20-01,152,403,49,354,0,49,True,True,0.9999978196929692,0.0001220703125,0.0,0,True
MOT20-01,153,404,49,355,0,49,True,True,0.9999978832933816,0.0001220703125,0.0,0,True
MOT20-01,154,398,50,348,0,50,True,True,0.9999964852221164,0.0001220703125,0.0,0,True
MOT20-01,155,399,49,350,0,49,True,True,0.9999975896412422,0.0001220703125,0.0,0,True
MOT20-01,156,409,47,362,0,47,True,True,0.9999978287538133,0.0001220703125,0.0,0,True
MOT20-01,157,420,48,372,0,48,True,True,0.9999972855812792,0.0001220703125,0.0,0,True
MOT20-01,158,422,49,373,0,49,True,True,0.9999967788128374,0.0001220703125,0.0,0,True
MOT20-01,159,423,50,373,0,50,True,True,0.9999973130630813,0.0001220703125,0.0,0,True
MOT20-01,160,423,51,372,0,51,True,True,0.9999972453156593,0.0001220703125,0.0,0,True
MOT20-01,161,427,52,375,0,52,True,True,0.9999968960615728,0.0001220703125,0.0,0,True
MOT20-01,162,423,52,371,0,52,True,True,0.9999982543825159,0.0001220703125,0.0,0,True
MOT20-01,163,422,52,370,0,52,True,True,0.9999969346591954,0.0001220703125,0.0,0,True
MOT20-01,164,434,52,382,0,52,True,True,0.999998199307814,0.0001220703125,0.0,0,True
MOT20-01,165,431,50,381,0,50,True,True,0.9999971909560019,0.0001220703125,0.0,0,True
MOT20-01,166,438,51,387,0,51,True,True,0.9999966727097699,0.0001220703125,0.0,0,True
MOT20-01,167,442,53,389,0,53,True,True,0.9999982073552215,0.0001220703125,0.0,0,True
MOT20-01,168,448,51,397,0,51,True,True,0.9999974119881884,0.0001220703125,0.0,0,True
MOT20-01,169,448,52,396,0,52,True,True,0.9999969717616777,0.0001220703125,0.0,0,True
MOT20-01,170,452,53,399,0,53,True,True,0.9999971409865311,0.0001220703125,0.0,0,True
MOT20-01,171,450,56,394,0,56,True,True,0.9999969407640136,0.0001220703125,0.0,0,True
MOT20-01,172,447,55,392,0,55,True,True,0.9999974547680467,0.0001220703125,0.0,0,True
MOT20-01,173,448,56,392,0,56,True,True,0.9999982305770442,0.0001220703125,0.0,0,True
MOT20-01,174,453,55,398,0,55,True,True,0.9999988916437699,6.103515625e-05,0.0,0,True
MOT20-01,175,461,56,405,0,56,True,True,0.9999970072603863,0.0001220703125,0.0,0,True
MOT20-01,176,454,54,400,0,54,True,True,0.9999966663508824,0.0001220703125,0.0,0,True
MOT20-01,177,451,52,399,0,52,True,True,0.9999972323778579,0.0001220703125,0.0,0,True
MOT20-01,178,443,54,389,0,54,True,True,0.9999969808404132,0.0001220703125,0.0,0,True
MOT20-01,179,440,54,386,0,54,True,True,0.9999976294722969,0.0001220703125,0.0,0,True
MOT20-01,180,441,53,388,0,53,True,True,0.9999971948328822,0.0001220703125,0.0,0,True
MOT20-01,181,429,52,377,0,52,True,True,0.9999986416494722,6.103515625e-05,0.0,0,True
MOT20-01,182,441,55,386,0,55,True,True,0.9999981725279786,0.0001220703125,0.0,0,True
MOT20-01,183,446,53,393,0,53,True,True,0.999997941747333,0.0001220703125,0.0,0,True
MOT20-01,184,454,55,399,0,55,True,True,0.9999971947935368,0.0001220703125,0.0,0,True
MOT20-01,185,450,54,396,0,54,True,True,0.999997886775547,0.0001220703125,0.0,0,True
MOT20-01,186,450,51,399,0,51,True,True,0.9999976958603951,0.0001220703125,0.0,0,True
MOT20-01,187,453,53,400,0,53,True,True,0.9999978474672223,0.0001220703125,0.0,0,True
MOT20-01,188,451,53,398,0,53,True,True,0.9999980831307842,0.0001220703125,0.0,0,True
MOT20-01,189,451,55,396,0,55,True,True,0.9999974998562418,0.0001220703125,0.0,0,True
MOT20-01,190,447,52,395,0,52,True,True,0.9999982409940334,0.0001220703125,0.0,0,True
MOT20-01,191,434,49,385,0,49,True,True,0.9999967644862472,0.0001220703125,0.0,0,True
MOT20-01,192,456,53,403,0,53,True,True,0.9999976522790501,0.0001220703125,0.0,0,True
MOT20-01,193,458,52,406,0,52,True,True,0.9999973413603337,0.0001220703125,0.0,0,True
MOT20-01,194,464,55,409,0,55,True,True,0.9999973994970627,0.0001220703125,0.0,0,True
MOT20-01,195,460,53,407,0,53,True,True,0.9999974168717025,0.0001220703125,0.0,0,True
MOT20-01,196,459,52,407,0,52,True,True,0.9999976289664427,0.0001220703125,0.0,0,True
MOT20-01,197,451,52,399,0,52,True,True,0.9999974192149768,0.0001220703125,0.0,0,True
MOT20-01,198,459,54,405,0,54,True,True,0.9999966994435159,0.0001220703125,0.0,0,True
MOT20-01,199,464,55,409,0,55,True,True,0.9999986568491293,0.0001220703125,0.0,0,True
MOT20-01,200,465,54,411,0,54,True,True,0.9999975282215307,0.0001220703125,0.0,0,True
MOT20-01,201,467,53,414,0,53,True,True,0.9999977777975307,0.0001220703125,0.0,0,True
MOT20-01,202,469,54,415,0,54,True,True,0.9999968322694484,0.0001220703125,0.0,0,True
MOT20-01,203,481,56,425,0,56,True,True,0.9999972062903167,0.0001220703125,0.0,0,True
MOT20-01,204,455,51,404,0,51,True,True,0.9999983693002824,0.0001220703125,0.0,0,True
MOT20-01,205,453,51,402,0,51,True,True,0.9999984664622972,0.0001220703125,0.0,0,True
MOT20-01,206,458,52,406,0,52,True,True,0.9999974811019675,0.0001220703125,0.0,0,True
MOT20-01,207,457,53,404,0,53,True,True,0.9999972674534578,0.0001220703125,0.0,0,True
MOT20-01,208,468,53,415,0,53,True,True,0.9999976591924682,0.0001220703125,0.0,0,True
MOT20-01,209,463,56,407,0,56,True,True,0.9999982696447235,0.0001220703125,0.0,0,True
MOT20-01,210,445,53,392,0,53,True,True,0.9999972526038448,0.0001220703125,0.0,0,True
MOT20-01,211,447,54,393,0,54,True,True,0.999997148942115,0.0001220703125,0.0,0,True
MOT20-01,212,451,53,398,0,53,True,True,0.9999976201789352,0.0001220703125,0.0,0,True
MOT20-01,213,453,54,399,0,54,True,True,0.9999977977454552,0.0001220703125,0.0,0,True
MOT20-01,214,453,53,400,0,53,True,True,0.9999975279221197,0.0001220703125,0.0,0,True
MOT20-01,215,459,53,406,0,53,True,True,0.9999975585639473,0.0001220703125,0.0,0,True
MOT20-01,216,470,57,413,0,57,True,True,0.9999978143414173,0.0001220703125,0.0,0,True
MOT20-01,217,468,56,412,0,56,True,True,0.9999961251348938,0.0001220703125,0.0,0,True
MOT20-01,218,461,56,405,0,56,True,True,0.9999967798651408,0.0001220703125,0.0,0,True
MOT20-01,219,466,54,412,0,54,True,True,0.9999978355400003,0.0001220703125,0.0,0,True
MOT20-01,220,469,55,414,0,55,True,True,0.9999969772538351,0.0001220703125,0.0,0,True
MOT20-01,221,460,55,405,0,55,True,True,0.9999973382498817,0.0001220703125,0.0,0,True
MOT20-01,222,450,51,399,0,51,True,True,0.9999974434098776,0.0001220703125,0.0,0,True
MOT20-01,223,447,55,392,0,55,True,True,0.9999941202064984,0.0001220703125,0.0,0,True
MOT20-01,224,461,55,406,0,55,True,True,0.9999975748874748,0.0001220703125,0.0,0,True
MOT20-01,225,473,55,418,0,55,True,True,0.9999982560775696,0.0001220703125,0.0,0,True
MOT20-01,226,484,57,427,0,57,True,True,0.9999957744485127,0.0001220703125,0.0,0,True
MOT20-01,227,474,55,419,0,55,True,True,0.9999983175180026,0.0001220703125,0.0,0,True
MOT20-01,228,473,58,415,0,58,True,True,0.9999982261697671,0.0001220703125,0.0,0,True
MOT20-01,229,480,57,423,0,57,True,True,0.9999973874718827,0.0001220703125,0.0,0,True
MOT20-01,230,484,58,426,0,58,True,True,0.9999945094163509,0.0001220703125,0.0,0,True
MOT20-01,231,477,56,421,0,56,True,True,0.9999974566744493,0.0001220703125,0.0,0,True
MOT20-01,232,476,56,420,0,56,True,True,0.9999980576037045,0.0001220703125,0.0,0,True
MOT20-01,233,492,56,436,0,56,True,True,0.9999972688937927,0.0001220703125,0.0,0,True
MOT20-01,234,474,56,418,0,56,True,True,0.9999974178021882,0.0001220703125,0.0,0,True
MOT20-01,235,483,55,428,0,55,True,True,0.9999979842286046,0.0001220703125,0.0,0,True
MOT20-01,236,475,54,421,0,54,True,True,0.9999968463237301,0.0001220703125,0.0,0,True
MOT20-01,237,470,55,415,0,55,True,True,0.9999973685318513,0.0001220703125,0.0,0,True
MOT20-01,238,474,56,418,0,56,True,True,0.9999968169085817,0.0001220703125,0.0,0,True
MOT20-01,239,458,53,405,0,53,True,True,0.999997015121395,0.0001220703125,0.0,0,True
MOT20-01,240,471,53,418,0,53,True,True,0.9999974211324595,0.0001220703125,0.0,0,True
MOT20-01,241,469,54,415,0,54,True,True,0.9999960831316146,0.0001220703125,0.0,0,True
MOT20-01,242,468,56,412,0,56,True,True,0.9999971183051023,0.0001220703125,0.0,0,True
MOT20-01,243,470,56,414,0,56,True,True,0.9999984203933536,0.0001220703125,0.0,0,True
MOT20-01,244,468,54,414,0,54,True,True,0.9999968844925617,0.0001220703125,0.0,0,True
MOT20-01,245,463,54,409,0,54,True,True,0.9999974899976406,0.0001220703125,0.0,0,True
MOT20-01,246,472,58,414,0,58,True,True,0.999997531662598,0.0001220703125,0.0,0,True
MOT20-01,247,453,54,399,0,54,True,True,0.9999969776740785,0.0001220703125,0.0,0,True
MOT20-01,248,448,55,393,0,55,True,True,0.9999977885353248,0.0001220703125,0.0,0,True
MOT20-01,249,469,57,412,0,57,True,True,0.999997721918389,0.0001220703125,0.0,0,True
MOT20-01,250,470,55,415,0,55,True,True,0.9999962761045074,0.0001220703125,0.0,0,True
MOT20-01,251,451,54,397,0,54,True,True,0.9999969347061762,0.0001220703125,0.0,0,True
MOT20-01,252,454,54,400,0,54,True,True,0.9999974987806556,0.0001220703125,0.0,0,True
MOT20-01,253,459,54,405,0,54,True,True,0.9999965614114719,0.0001220703125,0.0,0,True
MOT20-01,254,469,54,415,0,54,True,True,0.9999971719217075,0.0001220703125,0.0,0,True
MOT20-01,255,471,56,415,0,56,True,True,0.9999964400269133,0.0001220703125,0.0,0,True
MOT20-01,256,475,56,419,0,56,True,True,0.9999980520112983,0.0001220703125,0.0,0,True
MOT20-01,257,471,56,415,0,56,True,True,0.9999971288953712,0.0001220703125,0.0,0,True
MOT20-01,258,473,56,417,0,56,True,True,0.9999970763055027,0.0001220703125,0.0,0,True
MOT20-01,259,464,54,410,0,54,True,True,0.9999969170507405,0.0001220703125,0.0,0,True
MOT20-01,260,460,56,404,0,56,True,True,0.9999979117224258,0.0001220703125,0.0,0,True
MOT20-01,261,465,55,410,0,55,True,True,0.9999976425571379,0.0001220703125,0.0,0,True
MOT20-01,262,470,54,416,0,54,True,True,0.9999946989676239,0.0001220703125,0.0,0,True
MOT20-01,263,465,53,412,0,53,True,True,0.9999980541097355,0.0001220703125,0.0,0,True
MOT20-01,264,478,56,422,0,56,True,True,0.9999980291216978,0.0001220703125,0.0,0,True
MOT20-01,265,478,54,424,0,54,True,True,0.9999972949877081,0.0001220703125,0.0,0,True
MOT20-01,266,478,58,420,0,58,True,True,0.9999978084737554,0.0001220703125,0.0,0,True
MOT20-01,267,467,56,411,0,56,True,True,0.9999973984822745,0.0001220703125,0.0,0,True
MOT20-01,268,480,57,423,0,57,True,True,0.9999982927345612,0.0001220703125,0.0,0,True
MOT20-01,269,489,57,432,0,57,True,True,0.9999974981048144,0.0001220703125,0.0,0,True
MOT20-01,270,492,60,432,0,60,True,True,0.9999969577029441,0.0001220703125,0.0,0,True
MOT20-01,271,490,59,431,0,59,True,True,0.9999969425399112,0.0001220703125,0.0,0,True
MOT20-01,272,474,59,415,0,59,True,True,0.9999976056965268,0.0001220703125,0.0,0,True
MOT20-01,273,494,61,433,0,61,True,True,0.9999969191040723,0.0001220703125,0.0,0,True
MOT20-01,274,494,58,436,0,58,True,True,0.999997952994342,0.0001220703125,0.0,0,True
MOT20-01,275,496,61,435,0,61,True,True,0.9999971200479224,0.0001220703125,0.0,0,True
MOT20-01,276,482,57,425,0,57,True,True,0.9999972429346755,0.0001220703125,0.0,0,True
MOT20-01,277,483,57,426,0,57,True,True,0.9999969979526037,0.0001220703125,0.0,0,True
MOT20-01,278,477,55,422,0,55,True,True,0.999998386732488,0.0001220703125,0.0,0,True
MOT20-01,279,490,58,432,0,58,True,True,0.9999976176806215,0.0001220703125,0.0,0,True
MOT20-01,280,487,57,430,0,57,True,True,0.9999984919614002,0.0001220703125,0.0,0,True
MOT20-01,281,487,57,430,0,57,True,True,0.9999982679483849,0.0001220703125,0.0,0,True
MOT20-01,282,478,57,421,0,57,True,True,0.9999989771181327,6.103515625e-05,0.0,0,True
MOT20-01,283,493,59,434,0,59,True,True,0.9999969373723268,0.0001220703125,0.0,0,True
MOT20-01,284,490,59,431,0,59,True,True,0.9999973414437024,0.0001220703125,0.0,0,True
MOT20-01,285,501,60,441,0,60,True,True,0.9999971236430786,0.0001220703125,0.0,0,True
MOT20-01,286,475,60,415,0,60,True,True,0.9999968616768374,0.0001220703125,0.0,0,True
MOT20-01,287,487,57,430,0,57,True,True,0.9999969530773918,0.0001220703125,0.0,0,True
MOT20-01,288,476,57,419,0,57,True,True,0.9999972270287057,0.0001220703125,0.0,0,True
MOT20-01,289,466,58,408,0,58,True,True,0.9999979249624937,0.0001220703125,0.0,0,True
MOT20-01,290,477,59,418,0,59,True,True,0.9999966428204391,0.0001220703125,0.0,0,True
MOT20-01,291,460,57,403,0,57,True,True,0.9999961328295699,0.0001220703125,0.0,0,True
MOT20-01,292,467,56,411,0,56,True,True,0.9999973686611937,0.0001220703125,0.0,0,True
MOT20-01,293,445,52,393,0,52,True,True,0.999997388822594,0.0001220703125,0.0,0,True
MOT20-01,294,460,56,404,0,56,True,True,0.9999978368753617,0.0001220703125,0.0,0,True
MOT20-01,295,448,55,393,0,55,True,True,0.9999978713802822,0.0001220703125,0.0,0,True
MOT20-01,296,466,56,410,0,56,True,True,0.9999982002929924,0.0001220703125,0.0,0,True
MOT20-01,297,459,56,403,0,56,True,True,0.999996902040761,0.0001220703125,0.0,0,True
MOT20-01,298,454,56,398,0,56,True,True,0.9999975759691275,0.0001220703125,0.0,0,True
MOT20-01,299,465,59,406,0,59,True,True,0.9999980501159206,0.0001220703125,0.0,0,True
MOT20-01,300,475,57,418,0,57,True,True,0.9999966419409168,0.0001220703125,0.0,0,True
MOT20-01,301,456,56,400,0,56,True,True,0.9999981454590637,0.0001220703125,0.0,0,True
MOT20-01,302,465,56,409,0,56,True,True,0.999998108020668,0.0001220703125,0.0,0,True
MOT20-01,303,466,56,410,0,56,True,True,0.9999983682035299,0.0001220703125,0.0,0,True
MOT20-01,304,479,58,421,0,58,True,True,0.9999965704161831,0.0001220703125,0.0,0,True
MOT20-01,305,471,57,414,0,57,True,True,0.9999971863085776,0.0001220703125,0.0,0,True
MOT20-01,306,458,54,404,0,54,True,True,0.9999969635596797,0.0001220703125,0.0,0,True
MOT20-01,307,473,57,416,0,57,True,True,0.9999978471799134,0.0001220703125,0.0,0,True
MOT20-01,308,495,59,436,0,59,True,True,0.9999981911093022,0.0001220703125,0.0,0,True
MOT20-01,309,494,60,434,0,60,True,True,0.9999977119636843,0.0001220703125,0.0,0,True
MOT20-01,310,483,59,424,0,59,True,True,0.9999979068985886,0.0001220703125,0.0,0,True
MOT20-01,311,488,59,429,0,59,True,True,0.999998587101651,0.0001220703125,0.0,0,True
MOT20-01,312,492,60,432,0,60,True,True,0.9999982508492127,0.0001220703125,0.0,0,True
MOT20-01,313,494,61,433,0,61,True,True,0.9999982140305758,0.0001220703125,0.0,0,True
MOT20-01,314,490,58,432,0,58,True,True,0.9999957755463275,0.0001220703125,0.0,0,True
MOT20-01,315,493,63,430,0,63,True,True,0.9999978656467304,0.0001220703125,0.0,0,True
MOT20-01,316,489,59,430,0,59,True,True,0.9999970162260867,0.0001220703125,0.0,0,True
MOT20-01,317,492,58,434,0,58,True,True,0.9999973763197112,0.0001220703125,0.0,0,True
MOT20-01,318,487,61,426,0,61,True,True,0.9999968151243376,0.0001220703125,0.0,0,True
MOT20-01,319,506,62,444,0,62,True,True,0.9999972597484449,0.0001220703125,0.0,0,True
MOT20-01,320,499,60,439,0,60,True,True,0.9999970042390018,0.0001220703125,0.0,0,True
MOT20-01,321,504,63,441,0,63,True,True,0.9999977518895369,0.0001220703125,0.0,0,True
MOT20-01,322,492,62,430,0,62,True,True,0.9999960985070973,0.0001220703125,0.0,0,True
MOT20-01,323,486,60,426,0,60,True,True,0.9999981249531238,0.0001220703125,0.0,0,True
MOT20-01,324,489,62,427,0,62,True,True,0.9999977474839395,0.0001220703125,0.0,0,True
MOT20-01,325,497,59,438,0,59,True,True,0.9999973195235184,0.0001220703125,0.0,0,True
MOT20-01,326,497,58,439,0,58,True,True,0.9999971857618445,0.0001220703125,0.0,0,True
MOT20-01,327,491,61,430,0,61,True,True,0.9999945455487587,0.0001220703125,0.0,0,True
MOT20-01,328,494,61,433,0,61,True,True,0.9999975481782964,0.0001220703125,0.0,0,True
MOT20-01,329,507,61,446,0,61,True,True,0.9999966893227348,0.0001220703125,0.0,0,True
MOT20-01,330,505,63,442,0,63,True,True,0.9999981098302061,0.0001220703125,0.0,0,True
MOT20-01,331,506,59,447,0,59,True,True,0.9999975523850784,0.0001220703125,0.0,0,True
MOT20-01,332,511,61,450,0,61,True,True,0.9999976009404313,0.0001220703125,0.0,0,True
MOT20-01,333,507,59,448,0,59,True,True,0.9999981435723979,0.0001220703125,0.0,0,True
MOT20-01,334,505,59,446,0,59,True,True,0.9999970148273526,0.0001220703125,0.0,0,True
MOT20-01,335,505,63,442,0,63,True,True,0.9999975575323261,0.0001220703125,0.0,0,True
MOT20-01,336,511,62,449,0,62,True,True,0.9999980147306983,0.0001220703125,0.0,0,True
MOT20-01,337,487,60,427,0,60,True,True,0.9999972209948282,0.0001220703125,0.0,0,True
MOT20-01,338,485,62,423,0,62,True,True,0.9999971593088031,0.0001220703125,0.0,0,True
MOT20-01,339,493,60,433,0,60,True,True,0.9999977082860413,0.0001220703125,0.0,0,True
MOT20-01,340,487,58,429,0,58,True,True,0.999996884211051,0.0001220703125,0.0,0,True
MOT20-01,341,480,57,423,0,57,True,True,0.9999936705455673,0.0001220703125,0.0,0,True
MOT20-01,342,483,63,420,0,63,True,True,0.9999978615343491,0.0001220703125,0.0,0,True
MOT20-01,343,492,58,434,0,58,True,True,0.9999980626575301,0.0001220703125,0.0,0,True
MOT20-01,344,477,57,420,0,57,True,True,0.9999961071145056,0.0001220703125,0.0,0,True
MOT20-01,345,475,56,419,0,56,True,True,0.9999972881944256,0.0001220703125,0.0,0,True
MOT20-01,346,455,55,400,0,55,True,True,0.9999963263161891,0.0001220703125,0.0,0,True
MOT20-01,347,467,58,409,0,58,True,True,0.9999979495171113,0.0001220703125,0.0,0,True
MOT20-01,348,461,57,404,0,57,True,True,0.9999978972159139,0.0001220703125,0.0,0,True
MOT20-01,349,451,57,394,0,57,True,True,0.9999952153338979,0.0001220703125,0.0,0,True
MOT20-01,350,443,55,388,0,55,True,True,0.9999972416151998,0.0001220703125,0.0,0,True
MOT20-01,351,444,54,390,0,54,True,True,0.999995111717995,0.0001220703125,0.0,0,True
MOT20-01,352,432,54,378,0,54,True,True,0.9999952173476366,0.0001220703125,0.0,0,True
MOT20-01,353,421,53,368,0,53,True,True,0.9999982225350561,0.0001220703125,0.0,0,True
MOT20-01,354,417,52,365,0,52,True,True,0.9999972798071928,0.0001220703125,0.0,0,True
MOT20-01,355,408,48,360,0,48,True,True,0.999997227390059,0.0001220703125,0.0,0,True
MOT20-01,356,409,50,359,0,50,True,True,0.999997827323049,0.0001220703125,0.0,0,True
MOT20-01,357,420,51,369,0,51,True,True,0.9999982520599473,0.0001220703125,0.0,0,True
MOT20-01,358,424,53,371,0,53,True,True,0.9999970362626386,0.0001220703125,0.0,0,True
MOT20-01,359,410,50,360,0,50,True,True,0.9999976478447201,0.0001220703125,0.0,0,True
MOT20-01,360,402,48,354,0,48,True,True,0.9999979582792999,0.0001220703125,0.0,0,True
MOT20-01,361,408,50,358,0,50,True,True,0.999997152822265,0.0001220703125,0.0,0,True
MOT20-01,362,418,50,368,0,50,True,True,0.9999976799284125,0.0001220703125,0.0,0,True
MOT20-01,363,417,50,367,0,50,True,True,0.9999972696208459,0.0001220703125,0.0,0,True
MOT20-01,364,442,55,387,0,55,True,True,0.9999976885777029,0.0001220703125,0.0,0,True
MOT20-01,365,437,55,382,0,55,True,True,0.9999947537681061,0.0001220703125,0.0,0,True
MOT20-01,366,431,56,375,0,56,True,True,0.9999980718222125,0.0001220703125,0.0,0,True
MOT20-01,367,430,53,377,0,53,True,True,0.9999973078403764,0.0001220703125,0.0,0,True
MOT20-01,368,433,55,378,0,55,True,True,0.999997128516132,0.0001220703125,0.0,0,True
MOT20-01,369,446,56,390,0,56,True,True,0.9999971542239854,0.0001220703125,0.0,0,True
MOT20-01,370,432,52,380,0,52,True,True,0.9999978044879131,0.0001220703125,0.0,0,True
MOT20-01,371,421,53,368,0,53,True,True,0.9999969806854447,0.0001220703125,0.0,0,True
MOT20-01,372,424,51,373,0,51,True,True,0.9999974138822799,0.0001220703125,0.0,0,True
MOT20-01,373,431,51,380,0,51,True,True,0.9999976844964301,0.0001220703125,0.0,0,True
MOT20-01,374,431,52,379,0,52,True,True,0.9999962090111112,0.0001220703125,0.0,0,True
MOT20-01,375,426,51,375,0,51,True,True,0.9999967807670145,0.0001220703125,0.0,0,True
MOT20-01,376,449,54,395,0,54,True,True,0.9999973857862593,0.0001220703125,0.0,0,True
MOT20-01,377,438,52,386,0,52,True,True,0.9999975847802512,0.0001220703125,0.0,0,True
MOT20-01,378,417,51,366,0,51,True,True,0.9999971794734699,0.0001220703125,0.0,0,True
MOT20-01,379,425,50,375,0,50,True,True,0.9999981253960101,0.0001220703125,0.0,0,True
MOT20-01,380,420,50,370,0,50,True,True,0.9999978773198991,0.0001220703125,0.0,0,True
MOT20-01,381,430,51,379,0,51,True,True,0.9999974888946366,0.0001220703125,0.0,0,True
MOT20-01,382,430,53,377,0,53,True,True,0.9999963701634697,0.0001220703125,0.0,0,True
MOT20-01,383,436,52,384,0,52,True,True,0.9999985688107629,6.103515625e-05,0.0,0,True
MOT20-01,384,427,51,376,0,51,True,True,0.9999976256843964,0.0001220703125,0.0,0,True
MOT20-01,385,432,52,380,0,52,True,True,0.9999985263415717,6.103515625e-05,0.0,0,True
MOT20-01,386,438,54,384,0,54,True,True,0.9999982127857309,0.0001220703125,0.0,0,True
MOT20-01,387,428,53,375,0,53,True,True,0.9999972048144277,0.0001220703125,0.0,0,True
MOT20-01,388,430,53,377,0,53,True,True,0.9999979168359238,0.0001220703125,0.0,0,True
MOT20-01,389,445,54,391,0,54,True,True,0.9999978869474632,0.0001220703125,0.0,0,True
MOT20-01,390,432,50,382,0,50,True,True,0.99999753206465,0.0001220703125,0.0,0,True
MOT20-01,391,448,54,394,0,54,True,True,0.9999980791797772,0.0001220703125,0.0,0,True
MOT20-01,392,440,52,388,0,52,True,True,0.9999980171398432,0.0001220703125,0.0,0,True
MOT20-01,393,441,55,386,0,55,True,True,0.9999980007637083,0.0001220703125,0.0,0,True
MOT20-01,394,429,49,380,0,49,True,True,0.9999975767503738,0.0001220703125,0.0,0,True
MOT20-01,395,447,53,394,0,53,True,True,0.9999979539809393,0.0001220703125,0.0,0,True
MOT20-01,396,440,53,387,0,53,True,True,0.999998240910786,0.0001220703125,0.0,0,True
MOT20-01,397,440,49,391,0,49,True,True,0.9999980364513177,0.0001220703125,0.0,0,True
MOT20-01,398,444,52,392,0,52,True,True,0.9999978486029454,0.0001220703125,0.0,0,True
MOT20-01,399,438,52,386,0,52,True,True,0.9999968485177003,0.0001220703125,0.0,0,True
MOT20-01,400,443,53,390,0,53,True,True,0.9999969165685108,0.0001220703125,0.0,0,True
MOT20-01,401,449,53,396,0,53,True,True,0.9999969899736021,0.0001220703125,0.0,0,True
MOT20-01,402,440,52,388,0,52,True,True,0.9999944863177976,0.0001220703125,0.0,0,True
MOT20-01,403,444,54,390,0,54,True,True,0.9999980580525762,0.0001220703125,0.0,0,True
MOT20-01,404,437,53,384,0,53,True,True,0.9999969844639583,0.0001220703125,0.0,0,True
MOT20-01,405,453,56,397,0,56,True,True,0.9999982261986906,0.0001220703125,0.0,0,True
MOT20-01,406,454,55,399,0,55,True,True,0.9999970125443264,0.0001220703125,0.0,0,True
MOT20-01,407,464,55,409,0,55,True,True,0.9999969194276297,0.0001220703125,0.0,0,True
MOT20-01,408,447,54,393,0,54,True,True,0.9999979435849311,0.0001220703125,0.0,0,True
MOT20-01,409,451,55,396,0,55,True,True,0.999998006250405,0.0001220703125,0.0,0,True
MOT20-01,410,421,52,369,0,52,True,True,0.9999973237129736,0.0001220703125,0.0,0,True
MOT20-01,411,413,51,362,0,51,True,True,0.999998211790139,6.103515625e-05,0.0,0,True
MOT20-01,412,432,53,379,0,53,True,True,0.9999964523973811,0.0001220703125,0.0,0,True
MOT20-01,413,436,54,382,0,54,True,True,0.9999974430241865,0.0001220703125,0.0,0,True
MOT20-01,414,435,55,380,0,55,True,True,0.9999950399443304,0.0001220703125,0.0,0,True
MOT20-01,415,444,54,390,0,54,True,True,0.9999976626885626,0.0001220703125,0.0,0,True
MOT20-01,416,436,50,386,0,50,True,True,0.9999973323730759,0.0001220703125,0.0,0,True
MOT20-01,417,442,52,390,0,52,True,True,0.9999978219012189,0.0001220703125,0.0,0,True
MOT20-01,418,441,56,385,0,56,True,True,0.9999975352702822,0.0001220703125,0.0,0,True
MOT20-01,419,432,51,381,0,51,True,True,0.9999974501446548,0.0001220703125,0.0,0,True
MOT20-01,420,426,50,376,0,50,True,True,0.9999976258816882,0.0001220703125,0.0,0,True
MOT20-01,421,429,52,377,0,52,True,True,0.9999956745159784,0.0001220703125,0.0,0,True
MOT20-01,422,435,50,385,0,50,True,True,0.9999982643529334,0.0001220703125,0.0,0,True
MOT20-01,423,430,51,379,0,51,True,True,0.999996877900198,0.0001220703125,0.0,0,True
MOT20-01,424,444,54,390,0,54,True,True,0.9999973005803752,0.0001220703125,0.0,0,True
MOT20-01,425,440,52,388,0,52,True,True,0.9999973924381366,0.0001220703125,0.0,0,True
MOT20-01,426,457,55,402,0,55,True,True,0.9999973858601173,0.0001220703125,0.0,0,True
MOT20-01,427,452,54,398,0,54,True,True,0.9999976688754072,0.0001220703125,0.0,0,True
MOT20-01,428,454,52,402,0,52,True,True,0.9999969229917136,0.0001220703125,0.0,0,True
MOT20-01,429,439,50,389,0,50,True,True,0.9999977392355941,0.0001220703125,0.0,0,True
