selected_windows,covered_sequences,positive_windows,negative_windows,zero_windows,positive_precision,positive_sum,negative_mass,utility_sum,worst_sequence_utility,sequence_utility,robust_score,eligible,outer_held_out_seq,ranker_name,family,target_scale,weight_scheme,gate_name
12,3,5,6,1,0.416666666667,0.013005,0.054238,-0.041233,-0.039915,"{""MOT20-02"": 0.0007090000000289001, ""MOT20-03"": -0.03991500000003606, ""MOT20-05"": -0.002026999999998283}",-0.432168,0,MOT20-01,extra_raw_capped,extra,raw,capped,all
11,3,4,6,1,0.363636363636,0.012809,0.054238,-0.041429,-0.039915,"{""MOT20-02"": 0.0005130000000264003, ""MOT20-03"": -0.03991500000003606, ""MOT20-05"": -0.002026999999998283}",-0.432364,0,MOT20-01,extra_raw_capped,extra,raw,capped,changed_ge_2
9,3,4,5,0,0.444444444444,0.012809,0.054138,-0.041329,-0.039815,"{""MOT20-02"": 0.0005130000000264003, ""MOT20-03"": -0.03981500000003276, ""MOT20-05"": -0.002026999999998283}",-0.431464,0,MOT20-01,extra_raw_capped,extra,raw,capped,changed_ge_4
7,3,3,4,0,0.428571428571,0.012469,0.052098,-0.039629,-0.040155,"{""MOT20-02"": 0.0025530000000202006, ""MOT20-03"": -0.04015500000002696, ""MOT20-05"": -0.002026999999998283}",-0.420584,0,MOT20-01,extra_raw_capped,extra,raw,capped,changed_ge_8
7,3,3,4,0,0.428571428571,0.012469,0.052098,-0.039629,-0.040155,"{""MOT20-02"": 0.0025530000000202006, ""MOT20-03"": -0.04015500000002696, ""MOT20-05"": -0.002026999999998283}",-0.420584,0,MOT20-01,extra_raw_capped,extra,raw,capped,changed_ge_12
12,3,5,6,1,0.416666666667,0.013005,0.054238,-0.041233,-0.039915,"{""MOT20-02"": 0.0007090000000289001, ""MOT20-03"": -0.03991500000003606, ""MOT20-05"": -0.002026999999998283}",-0.432168,0,MOT20-01,extra_raw_capped,extra,raw,capped,impact_receiver_le_080
9,3,4,5,0,0.444444444444,0.012809,0.054138,-0.041329,-0.039815,"{""MOT20-02"": 0.0005130000000264003, ""MOT20-03"": -0.03981500000003276, ""MOT20-05"": -0.002026999999998283}",-0.431464,0,MOT20-01,extra_raw_capped,extra,raw,capped,changed_ge_4_impact_receiver_le_080
8,3,3,5,0,0.375,0.012754,0.054138,-0.041384,-0.03987,"{""MOT20-02"": 0.0005130000000264003, ""MOT20-03"": -0.0398700000000218, ""MOT20-05"": -0.002026999999998283}",-0.431684,0,MOT20-01,extra_raw_capped,extra,raw,capped,changed_ge_4_impact_pair_le_050
8,3,4,4,0,0.5,0.012809,0.052098,-0.039289,-0.039815,"{""MOT20-02"": 0.0025530000000202006, ""MOT20-03"": -0.03981500000003276, ""MOT20-05"": -0.002026999999998283}",-0.419224,0,MOT20-01,extra_raw_capped,extra,raw,capped,changed_ge_4_margin_ge_002
8,3,3,5,0,0.375,0.000716,0.054138,-0.053422,-0.039815,"{""MOT20-02"": -0.0115799999999808, ""MOT20-03"": -0.03981500000003276, ""MOT20-05"": -0.002026999999998283}",-0.443557,0,MOT20-01,extra_raw_capped,extra,raw,capped,changed_ge_4_score_ge_070
12,3,5,6,1,0.416666666667,0.013005,0.054238,-0.041233,-0.039915,"{""MOT20-02"": 0.0007090000000289001, ""MOT20-03"": -0.03991500000003606, ""MOT20-05"": -0.002026999999998283}",-0.432168,0,MOT20-01,extra_raw_tail,extra,raw,tail,all
11,3,4,6,1,0.363636363636,0.012809,0.054238,-0.041429,-0.039915,"{""MOT20-02"": 0.0005130000000264003, ""MOT20-03"": -0.03991500000003606, ""MOT20-05"": -0.002026999999998283}",-0.432364,0,MOT20-01,extra_raw_tail,extra,raw,tail,changed_ge_2
9,3,4,5,0,0.444444444444,0.012809,0.054138,-0.041329,-0.039815,"{""MOT20-02"": 0.0005130000000264003, ""MOT20-03"": -0.03981500000003276, ""MOT20-05"": -0.002026999999998283}",-0.431464,0,MOT20-01,extra_raw_tail,extra,raw,tail,changed_ge_4
7,3,3,4,0,0.428571428571,0.012469,0.052098,-0.039629,-0.040155,"{""MOT20-02"": 0.0025530000000202006, ""MOT20-03"": -0.04015500000002696, ""MOT20-05"": -0.002026999999998283}",-0.420584,0,MOT20-01,extra_raw_tail,extra,raw,tail,changed_ge_8
7,3,3,4,0,0.428571428571,0.012469,0.052098,-0.039629,-0.040155,"{""MOT20-02"": 0.0025530000000202006, ""MOT20-03"": -0.04015500000002696, ""MOT20-05"": -0.002026999999998283}",-0.420584,0,MOT20-01,extra_raw_tail,extra,raw,tail,changed_ge_12
12,3,5,6,1,0.416666666667,0.013005,0.054238,-0.041233,-0.039915,"{""MOT20-02"": 0.0007090000000289001, ""MOT20-03"": -0.03991500000003606, ""MOT20-05"": -0.002026999999998283}",-0.432168,0,MOT20-01,extra_raw_tail,extra,raw,tail,impact_receiver_le_080
9,3,4,5,0,0.444444444444,0.012809,0.054138,-0.041329,-0.039815,"{""MOT20-02"": 0.0005130000000264003, ""MOT20-03"": -0.03981500000003276, ""MOT20-05"": -0.002026999999998283}",-0.431464,0,MOT20-01,extra_raw_tail,extra,raw,tail,changed_ge_4_impact_receiver_le_080
8,3,3,5,0,0.375,0.012754,0.054138,-0.041384,-0.03987,"{""MOT20-02"": 0.0005130000000264003, ""MOT20-03"": -0.0398700000000218, ""MOT20-05"": -0.002026999999998283}",-0.431684,0,MOT20-01,extra_raw_tail,extra,raw,tail,changed_ge_4_impact_pair_le_050
7,3,3,4,0,0.428571428571,0.000716,0.052098,-0.051382,-0.039815,"{""MOT20-02"": -0.009539999999987, ""MOT20-03"": -0.03981500000003276, ""MOT20-05"": -0.002026999999998283}",-0.431317,0,MOT20-01,extra_raw_tail,extra,raw,tail,changed_ge_4_margin_ge_002
8,3,3,5,0,0.375,0.000716,0.054138,-0.053422,-0.039815,"{""MOT20-02"": -0.0115799999999808, ""MOT20-03"": -0.03981500000003276, ""MOT20-05"": -0.002026999999998283}",-0.443557,0,MOT20-01,extra_raw_tail,extra,raw,tail,changed_ge_4_score_ge_070
12,3,4,7,1,0.333333333333,0.012665,0.067795,-0.05513,-0.040599,"{""MOT20-02"": -0.0125039999999785, ""MOT20-03"": -0.04059900000004276, ""MOT20-05"": -0.002026999999998283}",-0.515902,0,MOT20-01,extra_norm_capped,extra,normalized,capped,all
11,3,3,7,1,0.272727272727,0.012469,0.067795,-0.055326,-0.040599,"{""MOT20-02"": -0.012699999999980999, ""MOT20-03"": -0.04059900000004276, ""MOT20-05"": -0.002026999999998283}",-0.516098,0,MOT20-01,extra_norm_capped,extra,normalized,capped,changed_ge_2
9,3,3,6,0,0.333333333333,0.012469,0.067695,-0.055226,-0.040499,"{""MOT20-02"": -0.012699999999980999, ""MOT20-03"": -0.04049900000003946, ""MOT20-05"": -0.002026999999998283}",-0.515198,0,MOT20-01,extra_norm_capped,extra,normalized,capped,changed_ge_4
9,3,3,6,0,0.333333333333,0.012469,0.067695,-0.055226,-0.040499,"{""MOT20-02"": -0.012699999999980999, ""MOT20-03"": -0.04049900000003946, ""MOT20-05"": -0.002026999999998283}",-0.515198,0,MOT20-01,extra_norm_capped,extra,normalized,capped,changed_ge_8
9,3,3,6,0,0.333333333333,0.012469,0.067695,-0.055226,-0.040499,"{""MOT20-02"": -0.012699999999980999, ""MOT20-03"": -0.04049900000003946, ""MOT20-05"": -0.002026999999998283}",-0.515198,0,MOT20-01,extra_norm_capped,extra,normalized,capped,changed_ge_12
12,3,4,7,1,0.333333333333,0.012665,0.067795,-0.05513,-0.040599,"{""MOT20-02"": -0.0125039999999785, ""MOT20-03"": -0.04059900000004276, ""MOT20-05"": -0.002026999999998283}",-0.515902,0,MOT20-01,extra_norm_capped,extra,normalized,capped,impact_receiver_le_080
9,3,3,6,0,0.333333333333,0.012469,0.067695,-0.055226,-0.040499,"{""MOT20-02"": -0.012699999999980999, ""MOT20-03"": -0.04049900000003946, ""MOT20-05"": -0.002026999999998283}",-0.515198,0,MOT20-01,extra_norm_capped,extra,normalized,capped,changed_ge_4_impact_receiver_le_080
8,3,2,6,0,0.25,0.012414,0.067695,-0.055281,-0.040554,"{""MOT20-02"": -0.012699999999980999, ""MOT20-03"": -0.0405540000000285, ""MOT20-05"": -0.002026999999998283}",-0.515418,0,MOT20-01,extra_norm_capped,extra,normalized,capped,changed_ge_4_impact_pair_le_050
7,3,2,5,0,0.285714285714,0.000376,0.052442,-0.052066,-0.040499,"{""MOT20-02"": -0.009539999999987, ""MOT20-03"": -0.04049900000003946, ""MOT20-05"": -0.002026999999998283}",-0.435773,0,MOT20-01,extra_norm_capped,extra,normalized,capped,changed_ge_4_margin_ge_002
9,3,3,6,0,0.333333333333,0.012469,0.067695,-0.055226,-0.040499,"{""MOT20-02"": -0.012699999999980999, ""MOT20-03"": -0.04049900000003946, ""MOT20-05"": -0.002026999999998283}",-0.515198,0,MOT20-01,extra_norm_capped,extra,normalized,capped,changed_ge_4_score_ge_070
12,3,3,8,1,0.25,0.000572,0.068645,-0.068073,-0.040599,"{""MOT20-02"": -0.0254469999999712, ""MOT20-03"": -0.04059900000004276, ""MOT20-05"": -0.002026999999998283}",-0.533095,0,MOT20-01,extra_norm_tail,extra,normalized,tail,all
11,3,2,8,1,0.181818181818,0.000376,0.068645,-0.068269,-0.040599,"{""MOT20-02"": -0.0256429999999737, ""MOT20-03"": -0.04059900000004276, ""MOT20-05"": -0.002026999999998283}",-0.533291,0,MOT20-01,extra_norm_tail,extra,normalized,tail,changed_ge_2
8,3,2,6,0,0.25,0.000376,0.067695,-0.067319,-0.040499,"{""MOT20-02"": -0.0247929999999882, ""MOT20-03"": -0.04049900000003946, ""MOT20-05"": -0.002026999999998283}",-0.527291,0,MOT20-01,extra_norm_tail,extra,normalized,tail,changed_ge_4
8,3,2,6,0,0.25,0.000376,0.067695,-0.067319,-0.040499,"{""MOT20-02"": -0.0247929999999882, ""MOT20-03"": -0.04049900000003946, ""MOT20-05"": -0.002026999999998283}",-0.527291,0,MOT20-01,extra_norm_tail,extra,normalized,tail,changed_ge_8
8,3,2,6,0,0.25,0.000376,0.067695,-0.067319,-0.040499,"{""MOT20-02"": -0.0247929999999882, ""MOT20-03"": -0.04049900000003946, ""MOT20-05"": -0.002026999999998283}",-0.527291,0,MOT20-01,extra_norm_tail,extra,normalized,tail,changed_ge_12
12,3,3,8,1,0.25,0.000572,0.068645,-0.068073,-0.040599,"{""MOT20-02"": -0.0254469999999712, ""MOT20-03"": -0.04059900000004276, ""MOT20-05"": -0.002026999999998283}",-0.533095,0,MOT20-01,extra_norm_tail,extra,normalized,tail,impact_receiver_le_080
8,3,2,6,0,0.25,0.000376,0.067695,-0.067319,-0.040499,"{""MOT20-02"": -0.0247929999999882, ""MOT20-03"": -0.04049900000003946, ""MOT20-05"": -0.002026999999998283}",-0.527291,0,MOT20-01,extra_norm_tail,extra,normalized,tail,changed_ge_4_impact_receiver_le_080
7,3,1,6,0,0.142857142857,0.000321,0.067695,-0.067374,-0.040554,"{""MOT20-02"": -0.0247929999999882, ""MOT20-03"": -0.0405540000000285, ""MOT20-05"": -0.002026999999998283}",-0.527511,0,MOT20-01,extra_norm_tail,extra,normalized,tail,changed_ge_4_impact_pair_le_050
6,3,2,4,0,0.333333333333,0.000376,0.052098,-0.051722,-0.040155,"{""MOT20-02"": -0.009539999999987, ""MOT20-03"": -0.04015500000002696, ""MOT20-05"": -0.002026999999998283}",-0.432677,0,MOT20-01,extra_norm_tail,extra,normalized,tail,changed_ge_4_margin_ge_002
8,3,2,6,0,0.25,0.000376,0.067695,-0.067319,-0.040499,"{""MOT20-02"": -0.0247929999999882, ""MOT20-03"": -0.04049900000003946, ""MOT20-05"": -0.002026999999998283}",-0.527291,0,MOT20-01,extra_norm_tail,extra,normalized,tail,changed_ge_4_score_ge_070
12,3,4,7,1,0.333333333333,0.020554,0.020623,-6.9e-05,-0.004625,"{""MOT20-02"": 0.0058950000000094, ""MOT20-03"": -0.0013390000000298638, ""MOT20-05"": -0.004625000000004284}",-0.117059,0,MOT20-01,hist_raw_capped,hist,raw,capped,all
11,3,3,7,1,0.272727272727,0.020358,0.020623,-0.000265,-0.004625,"{""MOT20-02"": 0.0056990000000069, ""MOT20-03"": -0.0013390000000298638, ""MOT20-05"": -0.004625000000004284}",-0.117255,0,MOT20-01,hist_raw_capped,hist,raw,capped,changed_ge_2
9,3,3,6,0,0.333333333333,0.020358,0.020523,-0.000165,-0.004625,"{""MOT20-02"": 0.0056990000000069, ""MOT20-03"": -0.001239000000026564, ""MOT20-05"": -0.004625000000004284}",-0.116655,0,MOT20-01,hist_raw_capped,hist,raw,capped,changed_ge_4
9,3,3,6,0,0.333333333333,0.020358,0.020523,-0.000165,-0.004625,"{""MOT20-02"": 0.0056990000000069, ""MOT20-03"": -0.001239000000026564, ""MOT20-05"": -0.004625000000004284}",-0.116655,0,MOT20-01,hist_raw_capped,hist,raw,capped,changed_ge_8
8,3,3,5,0,0.375,0.020358,0.019573,0.000785,-0.004625,"{""MOT20-02"": 0.0056990000000069, ""MOT20-03"": -0.00028900000002346396, ""MOT20-05"": -0.004625000000004284}",-0.110955,0,MOT20-01,hist_raw_capped,hist,raw,capped,changed_ge_12
12,3,4,7,1,0.333333333333,0.020554,0.020623,-6.9e-05,-0.004625,"{""MOT20-02"": 0.0058950000000094, ""MOT20-03"": -0.0013390000000298638, ""MOT20-05"": -0.004625000000004284}",-0.117059,0,MOT20-01,hist_raw_capped,hist,raw,capped,impact_receiver_le_080
9,3,3,6,0,0.333333333333,0.020358,0.020523,-0.000165,-0.004625,"{""MOT20-02"": 0.0056990000000069, ""MOT20-03"": -0.001239000000026564, ""MOT20-05"": -0.004625000000004284}",-0.116655,0,MOT20-01,hist_raw_capped,hist,raw,capped,changed_ge_4_impact_receiver_le_080
7,3,2,5,0,0.285714285714,0.020303,0.018246,0.002057,-0.002348,"{""MOT20-02"": 0.0056990000000069, ""MOT20-03"": -0.0012940000000156, ""MOT20-05"": -0.0023479999999977833}",-0.096217,0,MOT20-01,hist_raw_capped,hist,raw,capped,changed_ge_4_impact_pair_le_050
7,3,3,4,0,0.428571428571,0.020358,0.003642,0.016716,-0.002348,"{""MOT20-02"": 0.0203030000000125, ""MOT20-03"": -0.001239000000026564, ""MOT20-05"": -0.0023479999999977833}",-0.008538,0,MOT20-01,hist_raw_capped,hist,raw,capped,changed_ge_4_margin_ge_002
9,3,3,6,0,0.333333333333,0.020358,0.020523,-0.000165,-0.004625,"{""MOT20-02"": 0.0056990000000069, ""MOT20-03"": -0.001239000000026564, ""MOT20-05"": -0.004625000000004284}",-0.116655,0,MOT20-01,hist_raw_capped,hist,raw,capped,changed_ge_4_score_ge_070
12,3,5,6,1,0.416666666667,0.020875,0.018346,0.002529,-0.002027,"{""MOT20-02"": 0.0058950000000094, ""MOT20-03"": -0.0013390000000298638, ""MOT20-05"": -0.002026999999998283}",-0.095282,0,MOT20-01,hist_raw_tail,hist,raw,tail,all
11,3,4,6,1,0.363636363636,0.020679,0.018346,0.002333,-0.002027,"{""MOT20-02"": 0.0056990000000069, ""MOT20-03"": -0.0013390000000298638, ""MOT20-05"": -0.002026999999998283}",-0.095478,0,MOT20-01,hist_raw_tail,hist,raw,tail,changed_ge_2
9,3,4,5,0,0.444444444444,0.020679,0.018246,0.002433,-0.002027,"{""MOT20-02"": 0.0056990000000069, ""MOT20-03"": -0.001239000000026564, ""MOT20-05"": -0.002026999999998283}",-0.094878,0,MOT20-01,hist_raw_tail,hist,raw,tail,changed_ge_4
9,3,4,5,0,0.444444444444,0.020679,0.018246,0.002433,-0.002027,"{""MOT20-02"": 0.0056990000000069, ""MOT20-03"": -0.001239000000026564, ""MOT20-05"": -0.002026999999998283}",-0.094878,0,MOT20-01,hist_raw_tail,hist,raw,tail,changed_ge_8
8,3,4,4,0,0.5,0.020679,0.017296,0.003383,-0.002027,"{""MOT20-02"": 0.0056990000000069, ""MOT20-03"": -0.00028900000002346396, ""MOT20-05"": -0.002026999999998283}",-0.089178,0,MOT20-01,hist_raw_tail,hist,raw,tail,changed_ge_12
12,3,5,6,1,0.416666666667,0.020875,0.018346,0.002529,-0.002027,"{""MOT20-02"": 0.0058950000000094, ""MOT20-03"": -0.0013390000000298638, ""MOT20-05"": -0.002026999999998283}",-0.095282,0,MOT20-01,hist_raw_tail,hist,raw,tail,impact_receiver_le_080
9,3,4,5,0,0.444444444444,0.020679,0.018246,0.002433,-0.002027,"{""MOT20-02"": 0.0056990000000069, ""MOT20-03"": -0.001239000000026564, ""MOT20-05"": -0.002026999999998283}",-0.094878,0,MOT20-01,hist_raw_tail,hist,raw,tail,changed_ge_4_impact_receiver_le_080
8,3,3,5,0,0.375,0.020624,0.018246,0.002378,-0.002027,"{""MOT20-02"": 0.0056990000000069, ""MOT20-03"": -0.0012940000000156, ""MOT20-05"": -0.002026999999998283}",-0.094933,0,MOT20-01,hist_raw_tail,hist,raw,tail,changed_ge_4_impact_pair_le_050
8,3,4,4,0,0.5,0.020679,0.003642,0.017037,-0.002027,"{""MOT20-02"": 0.0203030000000125, ""MOT20-03"": -0.001239000000026564, ""MOT20-05"": -0.002026999999998283}",-0.007254,0,MOT20-01,hist_raw_tail,hist,raw,tail,changed_ge_4_margin_ge_002
9,3,4,5,0,0.444444444444,0.020679,0.018246,0.002433,-0.002027,"{""MOT20-02"": 0.0056990000000069, ""MOT20-03"": -0.001239000000026564, ""MOT20-05"": -0.002026999999998283}",-0.094878,0,MOT20-01,hist_raw_tail,hist,raw,tail,changed_ge_4_score_ge_070
12,3,4,7,1,0.333333333333,0.020554,0.059883,-0.039329,-0.040599,"{""MOT20-02"": 0.0058950000000094, ""MOT20-03"": -0.04059900000004276, ""MOT20-05"": -0.004625000000004284}",-0.460541,0,MOT20-01,hist_norm_capped,hist,normalized,capped,all
11,3,3,7,1,0.272727272727,0.020358,0.059883,-0.039525,-0.040599,"{""MOT20-02"": 0.0056990000000069, ""MOT20-03"": -0.04059900000004276, ""MOT20-05"": -0.004625000000004284}",-0.460737,0,MOT20-01,hist_norm_capped,hist,normalized,capped,changed_ge_2
9,3,3,6,0,0.333333333333,0.020358,0.059783,-0.039425,-0.040499,"{""MOT20-02"": 0.0056990000000069, ""MOT20-03"": -0.04049900000003946, ""MOT20-05"": -0.004625000000004284}",-0.459837,0,MOT20-01,hist_norm_capped,hist,normalized,capped,changed_ge_4
9,3,3,6,0,0.333333333333,0.020358,0.059783,-0.039425,-0.040499,"{""MOT20-02"": 0.0056990000000069, ""MOT20-03"": -0.04049900000003946, ""MOT20-05"": -0.004625000000004284}",-0.459837,0,MOT20-01,hist_norm_capped,hist,normalized,capped,changed_ge_8
9,3,3,6,0,0.333333333333,0.020358,0.059783,-0.039425,-0.040499,"{""MOT20-02"": 0.0056990000000069, ""MOT20-03"": -0.04049900000003946, ""MOT20-05"": -0.004625000000004284}",-0.459837,0,MOT20-01,hist_norm_capped,hist,normalized,capped,changed_ge_12
12,3,4,7,1,0.333333333333,0.020554,0.059883,-0.039329,-0.040599,"{""MOT20-02"": 0.0058950000000094, ""MOT20-03"": -0.04059900000004276, ""MOT20-05"": -0.004625000000004284}",-0.460541,0,MOT20-01,hist_norm_capped,hist,normalized,capped,impact_receiver_le_080
9,3,3,6,0,0.333333333333,0.020358,0.059783,-0.039425,-0.040499,"{""MOT20-02"": 0.0056990000000069, ""MOT20-03"": -0.04049900000003946, ""MOT20-05"": -0.004625000000004284}",-0.459837,0,MOT20-01,hist_norm_capped,hist,normalized,capped,changed_ge_4_impact_receiver_le_080
7,3,2,5,0,0.285714285714,0.020303,0.057506,-0.037203,-0.040554,"{""MOT20-02"": 0.0056990000000069, ""MOT20-03"": -0.0405540000000285, ""MOT20-05"": -0.0023479999999977833}",-0.446395,0,MOT20-01,hist_norm_capped,hist,normalized,capped,changed_ge_4_impact_pair_le_050
8,3,2,6,0,0.25,0.012148,0.059783,-0.047635,-0.040499,"{""MOT20-02"": -0.0025109999999984, ""MOT20-03"": -0.04049900000003946, ""MOT20-05"": -0.004625000000004284}",-0.468047,0,MOT20-01,hist_norm_capped,hist,normalized,capped,changed_ge_4_margin_ge_002
9,3,3,6,0,0.333333333333,0.020358,0.059783,-0.039425,-0.040499,"{""MOT20-02"": 0.0056990000000069, ""MOT20-03"": -0.04049900000003946, ""MOT20-05"": -0.004625000000004284}",-0.459837,0,MOT20-01,hist_norm_capped,hist,normalized,capped,changed_ge_4_score_ge_070
12,3,3,8,1,0.25,0.012344,0.061923,-0.049579,-0.040599,"{""MOT20-02"": -0.004354999999989699, ""MOT20-03"": -0.04059900000004276, ""MOT20-05"": -0.004625000000004284}",-0.480991,0,MOT20-01,hist_norm_tail,hist,normalized,tail,all
11,3,2,8,1,0.181818181818,0.012148,0.061923,-0.049775,-0.040599,"{""MOT20-02"": -0.0045509999999921984, ""MOT20-03"": -0.04059900000004276, ""MOT20-05"": -0.004625000000004284}",-0.481187,0,MOT20-01,hist_norm_tail,hist,normalized,tail,changed_ge_2
9,3,2,7,0,0.222222222222,0.012148,0.061823,-0.049675,-0.040499,"{""MOT20-02"": -0.0045509999999921984, ""MOT20-03"": -0.04049900000003946, ""MOT20-05"": -0.004625000000004284}",-0.480287,0,MOT20-01,hist_norm_tail,hist,normalized,tail,changed_ge_4
8,3,2,6,0,0.25,0.012148,0.059783,-0.047635,-0.040499,"{""MOT20-02"": -0.0025109999999984, ""MOT20-03"": -0.04049900000003946, ""MOT20-05"": -0.004625000000004284}",-0.468047,0,MOT20-01,hist_norm_tail,hist,normalized,tail,changed_ge_8
8,3,2,6,0,0.25,0.012148,0.059783,-0.047635,-0.040499,"{""MOT20-02"": -0.0025109999999984, ""MOT20-03"": -0.04049900000003946, ""MOT20-05"": -0.004625000000004284}",-0.468047,0,MOT20-01,hist_norm_tail,hist,normalized,tail,changed_ge_12
12,3,3,8,1,0.25,0.012344,0.061923,-0.049579,-0.040599,"{""MOT20-02"": -0.004354999999989699, ""MOT20-03"": -0.04059900000004276, ""MOT20-05"": -0.004625000000004284}",-0.480991,0,MOT20-01,hist_norm_tail,hist,normalized,tail,impact_receiver_le_080
9,3,2,7,0,0.222222222222,0.012148,0.061823,-0.049675,-0.040499,"{""MOT20-02"": -0.0045509999999921984, ""MOT20-03"": -0.04049900000003946, ""MOT20-05"": -0.004625000000004284}",-0.480287,0,MOT20-01,hist_norm_tail,hist,normalized,tail,changed_ge_4_impact_receiver_le_080
7,3,1,6,0,0.142857142857,0.012093,0.059546,-0.047453,-0.040554,"{""MOT20-02"": -0.0045509999999921984, ""MOT20-03"": -0.0405540000000285, ""MOT20-05"": -0.0023479999999977833}",-0.466845,0,MOT20-01,hist_norm_tail,hist,normalized,tail,changed_ge_4_impact_pair_le_050
8,3,2,6,0,0.25,0.012148,0.059546,-0.047398,-0.040499,"{""MOT20-02"": -0.0045509999999921984, ""MOT20-03"": -0.04049900000003946, ""MOT20-05"": -0.0023479999999977833}",-0.466625,0,MOT20-01,hist_norm_tail,hist,normalized,tail,changed_ge_4_margin_ge_002
9,3,2,7,0,0.222222222222,0.012148,0.061823,-0.049675,-0.040499,"{""MOT20-02"": -0.0045509999999921984, ""MOT20-03"": -0.04049900000003946, ""MOT20-05"": -0.004625000000004284}",-0.480287,0,MOT20-01,hist_norm_tail,hist,normalized,tail,changed_ge_4_score_ge_070
12,3,5,6,1,0.416666666667,0.121447,0.016055,0.105392,-0.002027,"{""MOT20-01"": 0.10875800000000879, ""MOT20-03"": -0.0013390000000298638, ""MOT20-05"": -0.002026999999998283}",0.019036,0,MOT20-02,extra_raw_capped,extra,raw,capped,all
12,3,5,6,1,0.416666666667,0.121447,0.016055,0.105392,-0.002027,"{""MOT20-01"": 0.10875800000000879, ""MOT20-03"": -0.0013390000000298638, ""MOT20-05"": -0.002026999999998283}",0.019036,0,MOT20-02,extra_raw_capped,extra,raw,capped,changed_ge_2
10,3,5,5,0,0.5,0.121447,0.015955,0.105492,-0.002027,"{""MOT20-01"": 0.10875800000000879, ""MOT20-03"": -0.001239000000026564, ""MOT20-05"": -0.002026999999998283}",0.019636,0,MOT20-02,extra_raw_capped,extra,raw,capped,changed_ge_4
10,3,5,5,0,0.5,0.121447,0.015955,0.105492,-0.002027,"{""MOT20-01"": 0.10875800000000879, ""MOT20-03"": -0.001239000000026564, ""MOT20-05"": -0.002026999999998283}",0.019636,0,MOT20-02,extra_raw_capped,extra,raw,capped,changed_ge_8
5,2,2,3,0,0.4,0.000376,0.002692,-0.002316,-0.002027,"{""MOT20-01"": 0.0, ""MOT20-03"": -0.00028900000002346396, ""MOT20-05"": -0.002026999999998283}",-0.021857,0,MOT20-02,extra_raw_capped,extra,raw,capped,changed_ge_12
12,3,5,6,1,0.416666666667,0.121447,0.016055,0.105392,-0.002027,"{""MOT20-01"": 0.10875800000000879, ""MOT20-03"": -0.0013390000000298638, ""MOT20-05"": -0.002026999999998283}",0.019036,0,MOT20-02,extra_raw_capped,extra,raw,capped,impact_receiver_le_080
10,3,5,5,0,0.5,0.121447,0.015955,0.105492,-0.002027,"{""MOT20-01"": 0.10875800000000879, ""MOT20-03"": -0.001239000000026564, ""MOT20-05"": -0.002026999999998283}",0.019636,0,MOT20-02,extra_raw_capped,extra,raw,capped,changed_ge_4_impact_receiver_le_080
9,3,4,5,0,0.444444444444,0.121392,0.015955,0.105437,-0.002027,"{""MOT20-01"": 0.10875800000000879, ""MOT20-03"": -0.0012940000000156, ""MOT20-05"": -0.002026999999998283}",0.019581,0,MOT20-02,extra_raw_capped,extra,raw,capped,changed_ge_4_impact_pair_le_050
9,3,5,4,0,0.555555555556,0.121447,0.015005,0.106442,-0.002027,"{""MOT20-01"": 0.10875800000000879, ""MOT20-03"": -0.00028900000002346396, ""MOT20-05"": -0.002026999999998283}",0.025336,0,MOT20-02,extra_raw_capped,extra,raw,capped,changed_ge_4_margin_ge_002
9,3,5,4,0,0.555555555556,0.121447,0.013691,0.107756,-0.001239,"{""MOT20-01"": 0.10875800000000879, ""MOT20-03"": -0.001239000000026564, ""MOT20-05"": 0.0002369999999984168}",0.035584,0,MOT20-02,extra_raw_capped,extra,raw,capped,changed_ge_4_score_ge_070
12,3,5,6,1,0.416666666667,0.121447,0.055315,0.066132,-0.040599,"{""MOT20-01"": 0.10875800000000879, ""MOT20-03"": -0.04059900000004276, ""MOT20-05"": -0.002026999999998283}",-0.33224,0,MOT20-02,extra_raw_tail,extra,raw,tail,all
12,3,5,6,1,0.416666666667,0.121447,0.055315,0.066132,-0.040599,"{""MOT20-01"": 0.10875800000000879, ""MOT20-03"": -0.04059900000004276, ""MOT20-05"": -0.002026999999998283}",-0.33224,0,MOT20-02,extra_raw_tail,extra,raw,tail,changed_ge_2
10,3,5,5,0,0.5,0.121447,0.055215,0.066232,-0.040499,"{""MOT20-01"": 0.10875800000000879, ""MOT20-03"": -0.04049900000003946, ""MOT20-05"": -0.002026999999998283}",-0.33134,0,MOT20-02,extra_raw_tail,extra,raw,tail,changed_ge_4
10,3,5,5,0,0.5,0.121447,0.055215,0.066232,-0.040499,"{""MOT20-01"": 0.10875800000000879, ""MOT20-03"": -0.04049900000003946, ""MOT20-05"": -0.002026999999998283}",-0.33134,0,MOT20-02,extra_raw_tail,extra,raw,tail,changed_ge_8
6,2,2,4,0,0.333333333333,0.000376,0.042902,-0.042526,-0.040499,"{""MOT20-01"": 0.0, ""MOT20-03"": -0.04049900000003946, ""MOT20-05"": -0.002026999999998283}",-0.378533,0,MOT20-02,extra_raw_tail,extra,raw,tail,changed_ge_12
12,3,5,6,1,0.416666666667,0.121447,0.055315,0.066132,-0.040599,"{""MOT20-01"": 0.10875800000000879, ""MOT20-03"": -0.04059900000004276, ""MOT20-05"": -0.002026999999998283}",-0.33224,0,MOT20-02,extra_raw_tail,extra,raw,tail,impact_receiver_le_080
10,3,5,5,0,0.5,0.121447,0.055215,0.066232,-0.040499,"{""MOT20-01"": 0.10875800000000879, ""MOT20-03"": -0.04049900000003946, ""MOT20-05"": -0.002026999999998283}",-0.33134,0,MOT20-02,extra_raw_tail,extra,raw,tail,changed_ge_4_impact_receiver_le_080
9,3,4,5,0,0.444444444444,0.121392,0.055215,0.066177,-0.040554,"{""MOT20-01"": 0.10875800000000879, ""MOT20-03"": -0.0405540000000285, ""MOT20-05"": -0.002026999999998283}",-0.33156,0,MOT20-02,extra_raw_tail,extra,raw,tail,changed_ge_4_impact_pair_le_050
9,3,5,4,0,0.555555555556,0.121447,0.015005,0.106442,-0.002027,"{""MOT20-01"": 0.10875800000000879, ""MOT20-03"": -0.00028900000002346396, ""MOT20-05"": -0.002026999999998283}",0.025336,0,MOT20-02,extra_raw_tail,extra,raw,tail,changed_ge_4_margin_ge_002
10,3,5,5,0,0.5,0.121447,0.055215,0.066232,-0.040499,"{""MOT20-01"": 0.10875800000000879, ""MOT20-03"": -0.04049900000003946, ""MOT20-05"": -0.002026999999998283}",-0.33134,0,MOT20-02,extra_raw_tail,extra,raw,tail,changed_ge_4_score_ge_070
12,3,5,6,1,0.416666666667,0.121447,0.016211,0.105236,-0.002183,"{""MOT20-01"": 0.10875800000000879, ""MOT20-03"": -0.0013390000000298638, ""MOT20-05"": -0.002183000000002283}",0.017632,0,MOT20-02,extra_norm_capped,extra,normalized,capped,all
12,3,5,6,1,0.416666666667,0.121447,0.016211,0.105236,-0.002183,"{""MOT20-01"": 0.10875800000000879, ""MOT20-03"": -0.0013390000000298638, ""MOT20-05"": -0.002183000000002283}",0.017632,0,MOT20-02,extra_norm_capped,extra,normalized,capped,changed_ge_2
10,3,5,5,0,0.5,0.121447,0.016111,0.105336,-0.002183,"{""MOT20-01"": 0.10875800000000879, ""MOT20-03"": -0.001239000000026564, ""MOT20-05"": -0.002183000000002283}",0.018232,0,MOT20-02,extra_norm_capped,extra,normalized,capped,changed_ge_4
10,3,5,5,0,0.5,0.121447,0.016111,0.105336,-0.002183,"{""MOT20-01"": 0.10875800000000879, ""MOT20-03"": -0.001239000000026564, ""MOT20-05"": -0.002183000000002283}",0.018232,0,MOT20-02,extra_norm_capped,extra,normalized,capped,changed_ge_8
5,2,2,3,0,0.4,0.000376,0.002848,-0.002472,-0.002183,"{""MOT20-01"": 0.0, ""MOT20-03"": -0.00028900000002346396, ""MOT20-05"": -0.002183000000002283}",-0.023261,0,MOT20-02,extra_norm_capped,extra,normalized,capped,changed_ge_12
11,3,5,5,1,0.454545454545,0.121447,0.013791,0.107656,-0.001339,"{""MOT20-01"": 0.10875800000000879, ""MOT20-03"": -0.0013390000000298638, ""MOT20-05"": 0.0002369999999984168}",0.034684,0,MOT20-02,extra_norm_capped,extra,normalized,capped,impact_receiver_le_080
9,3,5,4,0,0.555555555556,0.121447,0.013691,0.107756,-0.001239,"{""MOT20-01"": 0.10875800000000879, ""MOT20-03"": -0.001239000000026564, ""MOT20-05"": 0.0002369999999984168}",0.035584,0,MOT20-02,extra_norm_capped,extra,normalized,capped,changed_ge_4_impact_receiver_le_080
8,3,4,4,0,0.5,0.121392,0.013691,0.107701,-0.001294,"{""MOT20-01"": 0.10875800000000879, ""MOT20-03"": -0.0012940000000156, ""MOT20-05"": 0.0002369999999984168}",0.035364,0,MOT20-02,extra_norm_capped,extra,normalized,capped,changed_ge_4_impact_pair_le_050
9,3,5,4,0,0.555555555556,0.121447,0.015161,0.106286,-0.002183,"{""MOT20-01"": 0.10875800000000879, ""MOT20-03"": -0.00028900000002346396, ""MOT20-05"": -0.002183000000002283}",0.023932,0,MOT20-02,extra_norm_capped,extra,normalized,capped,changed_ge_4_margin_ge_002
9,3,5,4,0,0.555555555556,0.121447,0.013691,0.107756,-0.001239,"{""MOT20-01"": 0.10875800000000879, ""MOT20-03"": -0.001239000000026564, ""MOT20-05"": 0.0002369999999984168}",0.035584,0,MOT20-02,extra_norm_capped,extra,normalized,capped,changed_ge_4_score_ge_070
12,3,5,6,1,0.416666666667,0.121447,0.016055,0.105392,-0.002027,"{""MOT20-01"": 0.10875800000000879, ""MOT20-03"": -0.0013390000000298638, ""MOT20-05"": -0.002026999999998283}",0.019036,0,MOT20-02,extra_norm_tail,extra,normalized,tail,all
12,3,5,6,1,0.416666666667,0.121447,0.016055,0.105392,-0.002027,"{""MOT20-01"": 0.10875800000000879, ""MOT20-03"": -0.0013390000000298638, ""MOT20-05"": -0.002026999999998283}",0.019036,0,MOT20-02,extra_norm_tail,extra,normalized,tail,changed_ge_2
10,3,5,5,0,0.5,0.121447,0.015955,0.105492,-0.002027,"{""MOT20-01"": 0.10875800000000879, ""MOT20-03"": -0.001239000000026564, ""MOT20-05"": -0.002026999999998283}",0.019636,0,MOT20-02,extra_norm_tail,extra,normalized,tail,changed_ge_4
10,3,5,5,0,0.5,0.121447,0.015955,0.105492,-0.002027,"{""MOT20-01"": 0.10875800000000879, ""MOT20-03"": -0.001239000000026564, ""MOT20-05"": -0.002026999999998283}",0.019636,0,MOT20-02,extra_norm_tail,extra,normalized,tail,changed_ge_8
5,2,2,3,0,0.4,0.000376,0.002692,-0.002316,-0.002027,"{""MOT20-01"": 0.0, ""MOT20-03"": -0.00028900000002346396, ""MOT20-05"": -0.002026999999998283}",-0.021857,0,MOT20-02,extra_norm_tail,extra,normalized,tail,changed_ge_12
12,3,5,6,1,0.416666666667,0.121447,0.016055,0.105392,-0.002027,"{""MOT20-01"": 0.10875800000000879, ""MOT20-03"": -0.0013390000000298638, ""MOT20-05"": -0.002026999999998283}",0.019036,0,MOT20-02,extra_norm_tail,extra,normalized,tail,impact_receiver_le_080
10,3,5,5,0,0.5,0.121447,0.015955,0.105492,-0.002027,"{""MOT20-01"": 0.10875800000000879, ""MOT20-03"": -0.001239000000026564, ""MOT20-05"": -0.002026999999998283}",0.019636,0,MOT20-02,extra_norm_tail,extra,normalized,tail,changed_ge_4_impact_receiver_le_080
9,3,4,5,0,0.444444444444,0.121392,0.015955,0.105437,-0.002027,"{""MOT20-01"": 0.10875800000000879, ""MOT20-03"": -0.0012940000000156, ""MOT20-05"": -0.002026999999998283}",0.019581,0,MOT20-02,extra_norm_tail,extra,normalized,tail,changed_ge_4_impact_pair_le_050
9,3,5,4,0,0.555555555556,0.121447,0.015005,0.106442,-0.002027,"{""MOT20-01"": 0.10875800000000879, ""MOT20-03"": -0.00028900000002346396, ""MOT20-05"": -0.002026999999998283}",0.025336,0,MOT20-02,extra_norm_tail,extra,normalized,tail,changed_ge_4_margin_ge_002
9,3,5,4,0,0.555555555556,0.121447,0.013691,0.107756,-0.001239,"{""MOT20-01"": 0.10875800000000879, ""MOT20-03"": -0.001239000000026564, ""MOT20-05"": 0.0002369999999984168}",0.035584,0,MOT20-02,extra_norm_tail,extra,normalized,tail,changed_ge_4_score_ge_070
12,3,6,5,1,0.5,0.139298,0.053051,0.086247,-0.040599,"{""MOT20-01"": 0.10875800000000879, ""MOT20-03"": -0.04059900000004276, ""MOT20-05"": 0.018087999999991517}",-0.300805,0,MOT20-02,hist_raw_capped,hist,raw,capped,all
12,3,6,5,1,0.5,0.139298,0.053051,0.086247,-0.040599,"{""MOT20-01"": 0.10875800000000879, ""MOT20-03"": -0.04059900000004276, ""MOT20-05"": 0.018087999999991517}",-0.300805,0,MOT20-02,hist_raw_capped,hist,raw,capped,changed_ge_2
10,3,6,4,0,0.6,0.139298,0.052951,0.086347,-0.040499,"{""MOT20-01"": 0.10875800000000879, ""MOT20-03"": -0.04049900000003946, ""MOT20-05"": 0.018087999999991517}",-0.299905,0,MOT20-02,hist_raw_capped,hist,raw,capped,changed_ge_4
10,3,6,4,0,0.6,0.139298,0.052951,0.086347,-0.040499,"{""MOT20-01"": 0.10875800000000879, ""MOT20-03"": -0.04049900000003946, ""MOT20-05"": 0.018087999999991517}",-0.299905,0,MOT20-02,hist_raw_capped,hist,raw,capped,changed_ge_8
6,2,3,3,0,0.5,0.018227,0.040638,-0.022411,-0.040499,"{""MOT20-01"": 0.0, ""MOT20-03"": -0.04049900000003946, ""MOT20-05"": 0.018087999999991517}",-0.347098,0,MOT20-02,hist_raw_capped,hist,raw,capped,changed_ge_12
11,3,5,5,1,0.454545454545,0.121447,0.053051,0.068396,-0.040599,"{""MOT20-01"": 0.10875800000000879, ""MOT20-03"": -0.04059900000004276, ""MOT20-05"": 0.0002369999999984168}",-0.318656,0,MOT20-02,hist_raw_capped,hist,raw,capped,impact_receiver_le_080
9,3,5,4,0,0.555555555556,0.121447,0.052951,0.068496,-0.040499,"{""MOT20-01"": 0.10875800000000879, ""MOT20-03"": -0.04049900000003946, ""MOT20-05"": 0.0002369999999984168}",-0.317756,0,MOT20-02,hist_raw_capped,hist,raw,capped,changed_ge_4_impact_receiver_le_080
8,3,4,4,0,0.5,0.121392,0.052951,0.068441,-0.040554,"{""MOT20-01"": 0.10875800000000879, ""MOT20-03"": -0.0405540000000285, ""MOT20-05"": 0.0002369999999984168}",-0.317976,0,MOT20-02,hist_raw_capped,hist,raw,capped,changed_ge_4_impact_pair_le_050
9,3,6,3,0,0.666666666667,0.139298,0.012741,0.126557,-0.000289,"{""MOT20-01"": 0.10875800000000879, ""MOT20-03"": -0.00028900000002346396, ""MOT20-05"": 0.018087999999991517}",0.061985,0,MOT20-02,hist_raw_capped,hist,raw,capped,changed_ge_4_margin_ge_002
10,3,6,4,0,0.6,0.139298,0.052951,0.086347,-0.040499,"{""MOT20-01"": 0.10875800000000879, ""MOT20-03"": -0.04049900000003946, ""MOT20-05"": 0.018087999999991517}",-0.299905,0,MOT20-02,hist_raw_capped,hist,raw,capped,changed_ge_4_score_ge_070
12,3,5,6,1,0.416666666667,0.121447,0.055315,0.066132,-0.040599,"{""MOT20-01"": 0.10875800000000879, ""MOT20-03"": -0.04059900000004276, ""MOT20-05"": -0.002026999999998283}",-0.33224,0,MOT20-02,hist_raw_tail,hist,raw,tail,all
12,3,5,6,1,0.416666666667,0.121447,0.055315,0.066132,-0.040599,"{""MOT20-01"": 0.10875800000000879, ""MOT20-03"": -0.04059900000004276, ""MOT20-05"": -0.002026999999998283}",-0.33224,0,MOT20-02,hist_raw_tail,hist,raw,tail,changed_ge_2
10,3,5,5,0,0.5,0.121447,0.055215,0.066232,-0.040499,"{""MOT20-01"": 0.10875800000000879, ""MOT20-03"": -0.04049900000003946, ""MOT20-05"": -0.002026999999998283}",-0.33134,0,MOT20-02,hist_raw_tail,hist,raw,tail,changed_ge_4
10,3,5,5,0,0.5,0.121447,0.055215,0.066232,-0.040499,"{""MOT20-01"": 0.10875800000000879, ""MOT20-03"": -0.04049900000003946, ""MOT20-05"": -0.002026999999998283}",-0.33134,0,MOT20-02,hist_raw_tail,hist,raw,tail,changed_ge_8
6,2,2,4,0,0.333333333333,0.000376,0.042902,-0.042526,-0.040499,"{""MOT20-01"": 0.0, ""MOT20-03"": -0.04049900000003946, ""MOT20-05"": -0.002026999999998283}",-0.378533,0,MOT20-02,hist_raw_tail,hist,raw,tail,changed_ge_12
12,3,5,6,1,0.416666666667,0.121447,0.055315,0.066132,-0.040599,"{""MOT20-01"": 0.10875800000000879, ""MOT20-03"": -0.04059900000004276, ""MOT20-05"": -0.002026999999998283}",-0.33224,0,MOT20-02,hist_raw_tail,hist,raw,tail,impact_receiver_le_080
10,3,5,5,0,0.5,0.121447,0.055215,0.066232,-0.040499,"{""MOT20-01"": 0.10875800000000879, ""MOT20-03"": -0.04049900000003946, ""MOT20-05"": -0.002026999999998283}",-0.33134,0,MOT20-02,hist_raw_tail,hist,raw,tail,changed_ge_4_impact_receiver_le_080
9,3,4,5,0,0.444444444444,0.121392,0.055215,0.066177,-0.040554,"{""MOT20-01"": 0.10875800000000879, ""MOT20-03"": -0.0405540000000285, ""MOT20-05"": -0.002026999999998283}",-0.33156,0,MOT20-02,hist_raw_tail,hist,raw,tail,changed_ge_4_impact_pair_le_050
10,3,5,5,0,0.5,0.121447,0.055215,0.066232,-0.040499,"{""MOT20-01"": 0.10875800000000879, ""MOT20-03"": -0.04049900000003946, ""MOT20-05"": -0.002026999999998283}",-0.33134,0,MOT20-02,hist_raw_tail,hist,raw,tail,changed_ge_4_margin_ge_002
10,3,5,5,0,0.5,0.121447,0.055215,0.066232,-0.040499,"{""MOT20-01"": 0.10875800000000879, ""MOT20-03"": -0.04049900000003946, ""MOT20-05"": -0.002026999999998283}",-0.33134,0,MOT20-02,hist_raw_tail,hist,raw,tail,changed_ge_4_score_ge_070
12,3,6,5,1,0.5,0.099674,0.053051,0.046623,-0.040599,"{""MOT20-01"": 0.06913400000000529, ""MOT20-03"": -0.04059900000004276, ""MOT20-05"": 0.018087999999991517}",-0.340429,0,MOT20-02,hist_norm_capped,hist,normalized,capped,all
12,3,6,5,1,0.5,0.099674,0.053051,0.046623,-0.040599,"{""MOT20-01"": 0.06913400000000529, ""MOT20-03"": -0.04059900000004276, ""MOT20-05"": 0.018087999999991517}",-0.340429,0,MOT20-02,hist_norm_capped,hist,normalized,capped,changed_ge_2
10,3,6,4,0,0.6,0.099674,0.052951,0.046723,-0.040499,"{""MOT20-01"": 0.06913400000000529, ""MOT20-03"": -0.04049900000003946, ""MOT20-05"": 0.018087999999991517}",-0.339529,0,MOT20-02,hist_norm_capped,hist,normalized,capped,changed_ge_4
10,3,6,4,0,0.6,0.099674,0.052951,0.046723,-0.040499,"{""MOT20-01"": 0.06913400000000529, ""MOT20-03"": -0.04049900000003946, ""MOT20-05"": 0.018087999999991517}",-0.339529,0,MOT20-02,hist_norm_capped,hist,normalized,capped,changed_ge_8
6,2,3,3,0,0.5,0.018227,0.040638,-0.022411,-0.040499,"{""MOT20-01"": 0.0, ""MOT20-03"": -0.04049900000003946, ""MOT20-05"": 0.018087999999991517}",-0.347098,0,MOT20-02,hist_norm_capped,hist,normalized,capped,changed_ge_12
11,3,5,5,1,0.454545454545,0.081823,0.053051,0.028772,-0.040599,"{""MOT20-01"": 0.06913400000000529, ""MOT20-03"": -0.04059900000004276, ""MOT20-05"": 0.0002369999999984168}",-0.35828,0,MOT20-02,hist_norm_capped,hist,normalized,capped,impact_receiver_le_080
9,3,5,4,0,0.555555555556,0.081823,0.052951,0.028872,-0.040499,"{""MOT20-01"": 0.06913400000000529, ""MOT20-03"": -0.04049900000003946, ""MOT20-05"": 0.0002369999999984168}",-0.35738,0,MOT20-02,hist_norm_capped,hist,normalized,capped,changed_ge_4_impact_receiver_le_080
8,3,4,4,0,0.5,0.081768,0.052951,0.028817,-0.040554,"{""MOT20-01"": 0.06913400000000529, ""MOT20-03"": -0.0405540000000285, ""MOT20-05"": 0.0002369999999984168}",-0.3576,0,MOT20-02,hist_norm_capped,hist,normalized,capped,changed_ge_4_impact_pair_le_050
9,3,5,4,0,0.555555555556,0.098941,0.052951,0.04599,-0.040499,"{""MOT20-01"": 0.0684010000000086, ""MOT20-03"": -0.04049900000003946, ""MOT20-05"": 0.018087999999991517}",-0.340262,0,MOT20-02,hist_norm_capped,hist,normalized,capped,changed_ge_4_margin_ge_002
10,3,6,4,0,0.6,0.099674,0.052951,0.046723,-0.040499,"{""MOT20-01"": 0.06913400000000529, ""MOT20-03"": -0.04049900000003946, ""MOT20-05"": 0.018087999999991517}",-0.339529,0,MOT20-02,hist_norm_capped,hist,normalized,capped,changed_ge_4_score_ge_070
12,3,5,6,1,0.416666666667,0.121447,0.018195,0.103252,-0.003479,"{""MOT20-01"": 0.10875800000000879, ""MOT20-03"": -0.003479000000041164, ""MOT20-05"": -0.002026999999998283}",0.00184,0,MOT20-02,hist_norm_tail,hist,normalized,tail,all
12,3,5,6,1,0.416666666667,0.121447,0.018195,0.103252,-0.003479,"{""MOT20-01"": 0.10875800000000879, ""MOT20-03"": -0.003479000000041164, ""MOT20-05"": -0.002026999999998283}",0.00184,0,MOT20-02,hist_norm_tail,hist,normalized,tail,changed_ge_2
10,3,5,5,0,0.5,0.121447,0.018095,0.103352,-0.003379,"{""MOT20-01"": 0.10875800000000879, ""MOT20-03"": -0.003379000000037864, ""MOT20-05"": -0.002026999999998283}",0.00274,0,MOT20-02,hist_norm_tail,hist,normalized,tail,changed_ge_4
10,3,5,5,0,0.5,0.121447,0.018095,0.103352,-0.003379,"{""MOT20-01"": 0.10875800000000879, ""MOT20-03"": -0.003379000000037864, ""MOT20-05"": -0.002026999999998283}",0.00274,0,MOT20-02,hist_norm_tail,hist,normalized,tail,changed_ge_8
6,2,2,4,0,0.333333333333,0.000376,0.005782,-0.005406,-0.003379,"{""MOT20-01"": 0.0, ""MOT20-03"": -0.003379000000037864, ""MOT20-05"": -0.002026999999998283}",-0.044453,0,MOT20-02,hist_norm_tail,hist,normalized,tail,changed_ge_12
12,3,5,6,1,0.416666666667,0.121447,0.018195,0.103252,-0.003479,"{""MOT20-01"": 0.10875800000000879, ""MOT20-03"": -0.003479000000041164, ""MOT20-05"": -0.002026999999998283}",0.00184,0,MOT20-02,hist_norm_tail,hist,normalized,tail,impact_receiver_le_080
10,3,5,5,0,0.5,0.121447,0.018095,0.103352,-0.003379,"{""MOT20-01"": 0.10875800000000879, ""MOT20-03"": -0.003379000000037864, ""MOT20-05"": -0.002026999999998283}",0.00274,0,MOT20-02,hist_norm_tail,hist,normalized,tail,changed_ge_4_impact_receiver_le_080
9,3,4,5,0,0.444444444444,0.121392,0.018095,0.103297,-0.003434,"{""MOT20-01"": 0.10875800000000879, ""MOT20-03"": -0.0034340000000269, ""MOT20-05"": -0.002026999999998283}",0.00252,0,MOT20-02,hist_norm_tail,hist,normalized,tail,changed_ge_4_impact_pair_le_050
8,3,5,3,0,0.625,0.121447,0.012741,0.108706,-0.000289,"{""MOT20-01"": 0.10875800000000879, ""MOT20-03"": -0.00028900000002346396, ""MOT20-05"": 0.0002369999999984168}",0.044134,0,MOT20-02,hist_norm_tail,hist,normalized,tail,changed_ge_4_margin_ge_002
10,3,5,5,0,0.5,0.121447,0.018095,0.103352,-0.003379,"{""MOT20-01"": 0.10875800000000879, ""MOT20-03"": -0.003379000000037864, ""MOT20-05"": -0.002026999999998283}",0.00274,0,MOT20-02,hist_norm_tail,hist,normalized,tail,changed_ge_4_score_ge_070
12,3,6,6,0,0.5,0.208814,0.034473,0.174341,-0.009997,"{""MOT20-01"": 0.1679379999999923, ""MOT20-02"": 0.016400000000018698, ""MOT20-05"": -0.009997000000012583}",-0.028015,0,MOT20-03,extra_raw_capped,extra,raw,capped,all
11,3,6,5,0,0.545454545455,0.208814,0.034389,0.174425,-0.009913,"{""MOT20-01"": 0.1679379999999923, ""MOT20-02"": 0.016400000000018698, ""MOT20-05"": -0.0099130000000115}",-0.027259,0,MOT20-03,extra_raw_capped,extra,raw,capped,changed_ge_2
11,3,6,5,0,0.545454545455,0.208814,0.034389,0.174425,-0.009913,"{""MOT20-01"": 0.1679379999999923, ""MOT20-02"": 0.016400000000018698, ""MOT20-05"": -0.0099130000000115}",-0.027259,0,MOT20-03,extra_raw_capped,extra,raw,capped,changed_ge_4
11,3,6,5,0,0.545454545455,0.208814,0.034389,0.174425,-0.009913,"{""MOT20-01"": 0.1679379999999923, ""MOT20-02"": 0.016400000000018698, ""MOT20-05"": -0.0099130000000115}",-0.027259,0,MOT20-03,extra_raw_capped,extra,raw,capped,changed_ge_8
8,3,3,5,0,0.375,0.087743,0.034389,0.053354,-0.009913,"{""MOT20-01"": 0.0468669999999917, ""MOT20-02"": 0.016400000000018698, ""MOT20-05"": -0.0099130000000115}",-0.14833,0,MOT20-03,extra_raw_capped,extra,raw,capped,changed_ge_12
9,3,5,4,0,0.555555555556,0.161947,0.031028,0.130919,-0.006987,"{""MOT20-01"": 0.1210710000000006, ""MOT20-02"": 0.0168350000000146, ""MOT20-05"": -0.006987000000009383}",-0.045182,0,MOT20-03,extra_raw_capped,extra,raw,capped,impact_receiver_le_080
8,3,5,3,0,0.625,0.161947,0.030944,0.131003,-0.006903,"{""MOT20-01"": 0.1210710000000006, ""MOT20-02"": 0.0168350000000146, ""MOT20-05"": -0.0069030000000083}",-0.044426,0,MOT20-03,extra_raw_capped,extra,raw,capped,changed_ge_4_impact_receiver_le_080
6,3,4,2,0,0.666666666667,0.121392,0.02372,0.097672,-0.02372,"{""MOT20-01"": 0.1210710000000006, ""MOT20-02"": -0.023719999999982998, ""MOT20-05"": 0.0003209999999995}",-0.092088,0,MOT20-03,extra_raw_capped,extra,raw,capped,changed_ge_4_impact_pair_le_050
8,3,6,2,0,0.75,0.208814,0.009975,0.198839,0.000321,"{""MOT20-01"": 0.1679379999999923, ""MOT20-02"": 0.0305800000000147, ""MOT20-05"": 0.0003209999999995}",0.148964,1,MOT20-03,extra_raw_capped,extra,raw,capped,changed_ge_4_margin_ge_002
10,3,6,4,0,0.6,0.208814,0.027165,0.181649,-0.002689,"{""MOT20-01"": 0.1679379999999923, ""MOT20-02"": 0.016400000000018698, ""MOT20-05"": -0.0026890000000036997}",0.037757,0,MOT20-03,extra_raw_capped,extra,raw,capped,changed_ge_4_score_ge_070
12,3,5,6,1,0.416666666667,0.161947,0.036636,0.125311,0.000153,"{""MOT20-01"": 0.10875800000000879, ""MOT20-02"": 0.016400000000018698, ""MOT20-05"": 0.0001529999999973336}",-0.057869,0,MOT20-03,extra_raw_tail,extra,raw,tail,all
11,3,5,5,1,0.454545454545,0.161947,0.036552,0.125395,0.000237,"{""MOT20-01"": 0.10875800000000879, ""MOT20-02"": 0.016400000000018698, ""MOT20-05"": 0.0002369999999984168}",-0.057365,0,MOT20-03,extra_raw_tail,extra,raw,tail,changed_ge_2
10,3,5,5,0,0.5,0.161947,0.036552,0.125395,0.000237,"{""MOT20-01"": 0.10875800000000879, ""MOT20-02"": 0.016400000000018698, ""MOT20-05"": 0.0002369999999984168}",-0.057365,0,MOT20-03,extra_raw_tail,extra,raw,tail,changed_ge_4
10,3,5,5,0,0.5,0.161947,0.036552,0.125395,0.000237,"{""MOT20-01"": 0.10875800000000879, ""MOT20-02"": 0.016400000000018698, ""MOT20-05"": 0.0002369999999984168}",-0.057365,0,MOT20-03,extra_raw_tail,extra,raw,tail,changed_ge_8
6,2,2,4,0,0.333333333333,0.040876,0.024239,0.016637,0.0,"{""MOT20-01"": 0.0, ""MOT20-02"": 0.016400000000018698, ""MOT20-05"": 0.0002369999999984168}",-0.104558,0,MOT20-03,extra_raw_tail,extra,raw,tail,changed_ge_12
11,3,5,5,1,0.454545454545,0.161947,0.036201,0.125746,0.000153,"{""MOT20-01"": 0.10875800000000879, ""MOT20-02"": 0.0168350000000146, ""MOT20-05"": 0.0001529999999973336}",-0.055259,0,MOT20-03,extra_raw_tail,extra,raw,tail,impact_receiver_le_080
9,3,5,4,0,0.555555555556,0.161947,0.036117,0.12583,0.000237,"{""MOT20-01"": 0.10875800000000879, ""MOT20-02"": 0.0168350000000146, ""MOT20-05"": 0.0002369999999984168}",-0.054755,0,MOT20-03,extra_raw_tail,extra,raw,tail,changed_ge_4_impact_receiver_le_080
8,3,4,4,0,0.5,0.121392,0.036117,0.085275,-0.02372,"{""MOT20-01"": 0.10875800000000879, ""MOT20-02"": -0.023719999999982998, ""MOT20-05"": 0.0002369999999984168}",-0.16647,0,MOT20-03,extra_raw_tail,extra,raw,tail,changed_ge_4_impact_pair_le_050
7,3,4,3,0,0.571428571429,0.121392,0.010059,0.111333,-0.009975,"{""MOT20-01"": 0.1210710000000006, ""MOT20-02"": -0.0099749999999829, ""MOT20-05"": 0.0002369999999984168}",0.031113,0,MOT20-03,extra_raw_tail,extra,raw,tail,changed_ge_4_margin_ge_002
10,3,5,5,0,0.5,0.161947,0.036552,0.125395,0.000237,"{""MOT20-01"": 0.10875800000000879, ""MOT20-02"": 0.016400000000018698, ""MOT20-05"": 0.0002369999999984168}",-0.057365,0,MOT20-03,extra_raw_tail,extra,raw,tail,changed_ge_4_score_ge_070
12,3,6,6,0,0.5,0.208814,0.028406,0.180408,-0.002857,"{""MOT20-01"": 0.1679379999999923, ""MOT20-02"": 0.0153270000000135, ""MOT20-05"": -0.002857000000005866}",0.029807,0,MOT20-03,extra_norm_capped,extra,normalized,capped,all
11,3,6,5,0,0.545454545455,0.208814,0.028322,0.180492,-0.002773,"{""MOT20-01"": 0.1679379999999923, ""MOT20-02"": 0.0153270000000135, ""MOT20-05"": -0.002773000000004783}",0.030563,0,MOT20-03,extra_norm_capped,extra,normalized,capped,changed_ge_2
11,3,6,5,0,0.545454545455,0.208814,0.028322,0.180492,-0.002773,"{""MOT20-01"": 0.1679379999999923, ""MOT20-02"": 0.0153270000000135, ""MOT20-05"": -0.002773000000004783}",0.030563,0,MOT20-03,extra_norm_capped,extra,normalized,capped,changed_ge_4
11,3,6,5,0,0.545454545455,0.208814,0.028322,0.180492,-0.002773,"{""MOT20-01"": 0.1679379999999923, ""MOT20-02"": 0.0153270000000135, ""MOT20-05"": -0.002773000000004783}",0.030563,0,MOT20-03,extra_norm_capped,extra,normalized,capped,changed_ge_8
8,3,3,5,0,0.375,0.087743,0.028322,0.059421,-0.002773,"{""MOT20-01"": 0.0468669999999917, ""MOT20-02"": 0.0153270000000135, ""MOT20-05"": -0.002773000000004783}",-0.090508,0,MOT20-03,extra_norm_capped,extra,normalized,capped,changed_ge_12
9,3,5,4,0,0.555555555556,0.161947,0.024961,0.136986,0.000153,"{""MOT20-01"": 0.1210710000000006, ""MOT20-02"": 0.0157620000000094, ""MOT20-05"": 0.0001529999999973336}",0.012181,0,MOT20-03,extra_norm_capped,extra,normalized,capped,impact_receiver_le_080
8,3,5,3,0,0.625,0.161947,0.024877,0.13707,0.000237,"{""MOT20-01"": 0.1210710000000006, ""MOT20-02"": 0.0157620000000094, ""MOT20-05"": 0.0002369999999984168}",0.012685,0,MOT20-03,extra_norm_capped,extra,normalized,capped,changed_ge_4_impact_receiver_le_080
7,3,4,3,0,0.571428571429,0.121392,0.024877,0.096515,-0.024793,"{""MOT20-01"": 0.1210710000000006, ""MOT20-02"": -0.0247929999999882, ""MOT20-05"": 0.0002369999999984168}",-0.102249,0,MOT20-03,extra_norm_capped,extra,normalized,capped,changed_ge_4_impact_pair_le_050
7,3,5,2,0,0.714285714286,0.161947,0.003445,0.158502,-0.002689,"{""MOT20-01"": 0.1210710000000006, ""MOT20-02"": 0.0401200000000017, ""MOT20-05"": -0.0026890000000036997}",0.13321,0,MOT20-03,extra_norm_capped,extra,normalized,capped,changed_ge_4_margin_ge_002
10,3,6,4,0,0.6,0.208814,0.028238,0.180576,-0.002689,"{""MOT20-01"": 0.1679379999999923, ""MOT20-02"": 0.0153270000000135, ""MOT20-05"": -0.0026890000000036997}",0.031319,0,MOT20-03,extra_norm_capped,extra,normalized,capped,changed_ge_4_score_ge_070
12,3,5,6,1,0.416666666667,0.161947,0.552386,-0.390439,-0.406992,"{""MOT20-01"": -0.40699200000000246, ""MOT20-02"": 0.016400000000018698, ""MOT20-05"": 0.0001529999999973336}",-4.373345,0,MOT20-03,extra_norm_tail,extra,normalized,tail,all
11,3,5,5,1,0.454545454545,0.161947,0.552302,-0.390355,-0.406992,"{""MOT20-01"": -0.40699200000000246, ""MOT20-02"": 0.016400000000018698, ""MOT20-05"": 0.0002369999999984168}",-4.372841,0,MOT20-03,extra_norm_tail,extra,normalized,tail,changed_ge_2
10,3,5,5,0,0.5,0.161947,0.552302,-0.390355,-0.406992,"{""MOT20-01"": -0.40699200000000246, ""MOT20-02"": 0.016400000000018698, ""MOT20-05"": 0.0002369999999984168}",-4.372841,0,MOT20-03,extra_norm_tail,extra,normalized,tail,changed_ge_4
10,3,5,5,0,0.5,0.161947,0.552302,-0.390355,-0.406992,"{""MOT20-01"": -0.40699200000000246, ""MOT20-02"": 0.016400000000018698, ""MOT20-05"": 0.0002369999999984168}",-4.372841,0,MOT20-03,extra_norm_tail,extra,normalized,tail,changed_ge_8
7,3,2,5,0,0.285714285714,0.040876,0.552302,-0.511426,-0.528063,"{""MOT20-01"": -0.5280630000000031, ""MOT20-02"": 0.016400000000018698, ""MOT20-05"": 0.0002369999999984168}",-4.857125,0,MOT20-03,extra_norm_tail,extra,normalized,tail,changed_ge_12
10,3,5,4,1,0.5,0.161947,0.023888,0.138059,0.000153,"{""MOT20-01"": 0.1210710000000006, ""MOT20-02"": 0.0168350000000146, ""MOT20-05"": 0.0001529999999973336}",0.018619,0,MOT20-03,extra_norm_tail,extra,normalized,tail,impact_receiver_le_080
8,3,5,3,0,0.625,0.161947,0.023804,0.138143,0.000237,"{""MOT20-01"": 0.1210710000000006, ""MOT20-02"": 0.0168350000000146, ""MOT20-05"": 0.0002369999999984168}",0.019123,0,MOT20-03,extra_norm_tail,extra,normalized,tail,changed_ge_4_impact_receiver_le_080
7,3,4,3,0,0.571428571429,0.121392,0.023804,0.097588,-0.02372,"{""MOT20-01"": 0.1210710000000006, ""MOT20-02"": -0.023719999999982998, ""MOT20-05"": 0.0002369999999984168}",-0.092592,0,MOT20-03,extra_norm_tail,extra,normalized,tail,changed_ge_4_impact_pair_le_050
7,3,5,2,0,0.714285714286,0.161947,0.009975,0.151972,0.000321,"{""MOT20-01"": 0.1210710000000006, ""MOT20-02"": 0.0305800000000147, ""MOT20-05"": 0.0003209999999995}",0.102097,1,MOT20-03,extra_norm_tail,extra,normalized,tail,changed_ge_4_margin_ge_002
9,3,5,4,0,0.555555555556,0.161947,0.552218,-0.390271,-0.406992,"{""MOT20-01"": -0.40699200000000246, ""MOT20-02"": 0.016400000000018698, ""MOT20-05"": 0.0003209999999995}",-4.372337,0,MOT20-03,extra_norm_tail,extra,normalized,tail,changed_ge_4_score_ge_070
12,3,7,4,1,0.583333333333,0.186211,0.558004,-0.371793,-0.406992,"{""MOT20-01"": -0.40699200000000246, ""MOT20-02"": 0.022790999999998, ""MOT20-05"": 0.012407999999993417}",-4.382789,0,MOT20-03,hist_raw_capped,hist,raw,capped,all
11,3,7,3,1,0.636363636364,0.186211,0.55792,-0.371709,-0.406992,"{""MOT20-01"": -0.40699200000000246, ""MOT20-02"": 0.022790999999998, ""MOT20-05"": 0.0124919999999945}",-4.382285,0,MOT20-03,hist_raw_capped,hist,raw,capped,changed_ge_2
10,3,7,3,0,0.7,0.186211,0.55792,-0.371709,-0.406992,"{""MOT20-01"": -0.40699200000000246, ""MOT20-02"": 0.022790999999998, ""MOT20-05"": 0.0124919999999945}",-4.382285,0,MOT20-03,hist_raw_capped,hist,raw,capped,changed_ge_4
10,3,7,3,0,0.7,0.186211,0.55792,-0.371709,-0.406992,"{""MOT20-01"": -0.40699200000000246, ""MOT20-02"": 0.022790999999998, ""MOT20-05"": 0.0124919999999945}",-4.382285,0,MOT20-03,hist_raw_capped,hist,raw,capped,changed_ge_8
7,3,4,3,0,0.571428571429,0.06514,0.55792,-0.49278,-0.528063,"{""MOT20-01"": -0.5280630000000031, ""MOT20-02"": 0.022790999999998, ""MOT20-05"": 0.0124919999999945}",-4.866569,0,MOT20-03,hist_raw_capped,hist,raw,capped,changed_ge_12
11,3,7,3,1,0.636363636364,0.186211,0.029941,0.15627,0.012408,"{""MOT20-01"": 0.1210710000000006, ""MOT20-02"": 0.022790999999998, ""MOT20-05"": 0.012407999999993417}",0.006565,0,MOT20-03,hist_raw_capped,hist,raw,capped,impact_receiver_le_080
9,3,7,2,0,0.777777777778,0.186211,0.029857,0.156354,0.012492,"{""MOT20-01"": 0.1210710000000006, ""MOT20-02"": 0.022790999999998, ""MOT20-05"": 0.0124919999999945}",0.007069,1,MOT20-03,hist_raw_capped,hist,raw,capped,changed_ge_4_impact_receiver_le_080
8,3,6,2,0,0.75,0.145656,0.029857,0.115799,-0.017764,"{""MOT20-01"": 0.1210710000000006, ""MOT20-02"": -0.0177639999999996, ""MOT20-05"": 0.0124919999999945}",-0.086778,0,MOT20-03,hist_raw_capped,hist,raw,capped,changed_ge_4_impact_pair_le_050
7,3,5,2,0,0.714285714286,0.173797,0.543316,-0.369519,-0.406992,"{""MOT20-01"": -0.40699200000000246, ""MOT20-02"": 0.0253019999999964, ""MOT20-05"": 0.012170999999995}",-4.307075,0,MOT20-03,hist_raw_capped,hist,raw,capped,changed_ge_4_margin_ge_002
10,3,7,3,0,0.7,0.186211,0.55792,-0.371709,-0.406992,"{""MOT20-01"": -0.40699200000000246, ""MOT20-02"": 0.022790999999998, ""MOT20-05"": 0.0124919999999945}",-4.382285,0,MOT20-03,hist_raw_capped,hist,raw,capped,changed_ge_4_score_ge_070
12,3,7,4,1,0.583333333333,0.145852,0.55294,-0.407088,-0.406992,"{""MOT20-01"": -0.40699200000000246, ""MOT20-02"": -0.0125039999999785, ""MOT20-05"": 0.012407999999993417}",-4.392764,0,MOT20-03,hist_raw_tail,hist,raw,tail,all
10,3,6,3,1,0.6,0.145656,0.552856,-0.4072,-0.406992,"{""MOT20-01"": -0.40699200000000246, ""MOT20-02"": -0.012699999999980999, ""MOT20-05"": 0.0124919999999945}",-4.392456,0,MOT20-03,hist_raw_tail,hist,raw,tail,changed_ge_2
9,3,6,3,0,0.666666666667,0.145656,0.552856,-0.4072,-0.406992,"{""MOT20-01"": -0.40699200000000246, ""MOT20-02"": -0.012699999999980999, ""MOT20-05"": 0.0124919999999945}",-4.392456,0,MOT20-03,hist_raw_tail,hist,raw,tail,changed_ge_4
9,3,6,3,0,0.666666666667,0.145656,0.552856,-0.4072,-0.406992,"{""MOT20-01"": -0.40699200000000246, ""MOT20-02"": -0.012699999999980999, ""MOT20-05"": 0.0124919999999945}",-4.392456,0,MOT20-03,hist_raw_tail,hist,raw,tail,changed_ge_8
6,3,3,3,0,0.5,0.024585,0.552856,-0.528271,-0.528063,"{""MOT20-01"": -0.5280630000000031, ""MOT20-02"": -0.012699999999980999, ""MOT20-05"": 0.0124919999999945}",-4.87674,0,MOT20-03,hist_raw_tail,hist,raw,tail,changed_ge_12
11,3,7,3,1,0.636363636364,0.145852,0.024877,0.120975,-0.012504,"{""MOT20-01"": 0.1210710000000006, ""MOT20-02"": -0.0125039999999785, ""MOT20-05"": 0.012407999999993417}",-0.040922,0,MOT20-03,hist_raw_tail,hist,raw,tail,impact_receiver_le_080
8,3,6,2,0,0.75,0.145656,0.024793,0.120863,-0.0127,"{""MOT20-01"": 0.1210710000000006, ""MOT20-02"": -0.012699999999980999, ""MOT20-05"": 0.0124919999999945}",-0.041202,0,MOT20-03,hist_raw_tail,hist,raw,tail,changed_ge_4_impact_receiver_le_080
8,3,6,2,0,0.75,0.145656,0.024793,0.120863,-0.0127,"{""MOT20-01"": 0.1210710000000006, ""MOT20-02"": -0.012699999999980999, ""MOT20-05"": 0.0124919999999945}",-0.041202,0,MOT20-03,hist_raw_tail,hist,raw,tail,changed_ge_4_impact_pair_le_050
7,3,5,2,0,0.714285714286,0.145335,0.543316,-0.397981,-0.406992,"{""MOT20-01"": -0.40699200000000246, ""MOT20-02"": -0.003159999999993999, ""MOT20-05"": 0.012170999999995}",-4.335537,0,MOT20-03,hist_raw_tail,hist,raw,tail,changed_ge_4_margin_ge_002
9,3,6,3,0,0.666666666667,0.145656,0.552856,-0.4072,-0.406992,"{""MOT20-01"": -0.40699200000000246, ""MOT20-02"": -0.012699999999980999, ""MOT20-05"": 0.0124919999999945}",-4.392456,0,MOT20-03,hist_raw_tail,hist,raw,tail,changed_ge_4_score_ge_070
12,3,6,6,0,0.5,0.10623,0.675751,-0.569521,-0.602106,"{""MOT20-01"": -0.6021060000000064, ""MOT20-02"": 0.022790999999998, ""MOT20-05"": 0.009793999999985117}",-5.754594,0,MOT20-03,hist_norm_capped,hist,normalized,capped,all
11,3,6,5,0,0.545454545455,0.10623,0.675667,-0.569437,-0.602106,"{""MOT20-01"": -0.6021060000000064, ""MOT20-02"": 0.022790999999998, ""MOT20-05"": 0.0098779999999862}",-5.75409,0,MOT20-03,hist_norm_capped,hist,normalized,capped,changed_ge_2
11,3,6,5,0,0.545454545455,0.10623,0.675667,-0.569437,-0.602106,"{""MOT20-01"": -0.6021060000000064, ""MOT20-02"": 0.022790999999998, ""MOT20-05"": 0.0098779999999862}",-5.75409,0,MOT20-03,hist_norm_capped,hist,normalized,capped,changed_ge_4
11,3,6,5,0,0.545454545455,0.10623,0.675667,-0.569437,-0.602106,"{""MOT20-01"": -0.6021060000000064, ""MOT20-02"": 0.022790999999998, ""MOT20-05"": 0.0098779999999862}",-5.75409,0,MOT20-03,hist_norm_capped,hist,normalized,capped,changed_ge_8
9,3,4,5,0,0.444444444444,0.06514,0.675667,-0.610527,-0.643196,"{""MOT20-01"": -0.6431960000000032, ""MOT20-02"": 0.022790999999998, ""MOT20-05"": 0.0098779999999862}",-5.91845,0,MOT20-03,hist_norm_capped,hist,normalized,capped,changed_ge_12
10,3,6,4,0,0.6,0.10623,0.032555,0.073675,0.009794,"{""MOT20-01"": 0.0410899999999969, ""MOT20-02"": 0.022790999999998, ""MOT20-05"": 0.009793999999985117}",-0.0891,0,MOT20-03,hist_norm_capped,hist,normalized,capped,impact_receiver_le_080
9,3,6,3,0,0.666666666667,0.10623,0.032471,0.073759,0.009878,"{""MOT20-01"": 0.0410899999999969, ""MOT20-02"": 0.022790999999998, ""MOT20-05"": 0.0098779999999862}",-0.088596,0,MOT20-03,hist_norm_capped,hist,normalized,capped,changed_ge_4_impact_receiver_le_080
8,3,5,3,0,0.625,0.065675,0.032471,0.033204,-0.017764,"{""MOT20-01"": 0.0410899999999969, ""MOT20-02"": -0.0177639999999996, ""MOT20-05"": 0.0098779999999862}",-0.182443,0,MOT20-03,hist_norm_capped,hist,normalized,capped,changed_ge_4_impact_pair_le_050
9,3,5,4,0,0.555555555556,0.105909,0.661063,-0.555154,-0.602106,"{""MOT20-01"": -0.6021060000000064, ""MOT20-02"": 0.0373950000000036, ""MOT20-05"": 0.009556999999986701}",-5.666787,0,MOT20-03,hist_norm_capped,hist,normalized,capped,changed_ge_4_margin_ge_002
11,3,6,5,0,0.545454545455,0.10623,0.675667,-0.569437,-0.602106,"{""MOT20-01"": -0.6021060000000064, ""MOT20-02"": 0.022790999999998, ""MOT20-05"": 0.0098779999999862}",-5.75409,0,MOT20-03,hist_norm_capped,hist,normalized,capped,changed_ge_4_score_ge_070
12,3,7,4,1,0.583333333333,0.186211,0.55294,-0.366729,-0.406992,"{""MOT20-01"": -0.40699200000000246, ""MOT20-02"": 0.027855000000016603, ""MOT20-05"": 0.012407999999993417}",-4.352405,0,MOT20-03,hist_norm_tail,hist,normalized,tail,all
11,3,7,3,1,0.636363636364,0.186211,0.552856,-0.366645,-0.406992,"{""MOT20-01"": -0.40699200000000246, ""MOT20-02"": 0.027855000000016603, ""MOT20-05"": 0.0124919999999945}",-4.351901,0,MOT20-03,hist_norm_tail,hist,normalized,tail,changed_ge_2
10,3,7,3,0,0.7,0.186211,0.552856,-0.366645,-0.406992,"{""MOT20-01"": -0.40699200000000246, ""MOT20-02"": 0.027855000000016603, ""MOT20-05"": 0.0124919999999945}",-4.351901,0,MOT20-03,hist_norm_tail,hist,normalized,tail,changed_ge_4
10,3,7,3,0,0.7,0.186211,0.552856,-0.366645,-0.406992,"{""MOT20-01"": -0.40699200000000246, ""MOT20-02"": 0.027855000000016603, ""MOT20-05"": 0.0124919999999945}",-4.351901,0,MOT20-03,hist_norm_tail,hist,normalized,tail,changed_ge_8
7,3,4,3,0,0.571428571429,0.06514,0.552856,-0.487716,-0.528063,"{""MOT20-01"": -0.5280630000000031, ""MOT20-02"": 0.027855000000016603, ""MOT20-05"": 0.0124919999999945}",-4.836185,0,MOT20-03,hist_norm_tail,hist,normalized,tail,changed_ge_12
11,3,7,3,1,0.636363636364,0.186211,0.024877,0.161334,0.012408,"{""MOT20-01"": 0.1210710000000006, ""MOT20-02"": 0.027855000000016603, ""MOT20-05"": 0.012407999999993417}",0.036949,0,MOT20-03,hist_norm_tail,hist,normalized,tail,impact_receiver_le_080
9,3,7,2,0,0.777777777778,0.186211,0.024793,0.161418,0.012492,"{""MOT20-01"": 0.1210710000000006, ""MOT20-02"": 0.027855000000016603, ""MOT20-05"": 0.0124919999999945}",0.037453,1,MOT20-03,hist_norm_tail,hist,normalized,tail,changed_ge_4_impact_receiver_le_080
8,3,6,2,0,0.75,0.145656,0.024793,0.120863,-0.0127,"{""MOT20-01"": 0.1210710000000006, ""MOT20-02"": -0.012699999999980999, ""MOT20-05"": 0.0124919999999945}",-0.041202,0,MOT20-03,hist_norm_tail,hist,normalized,tail,changed_ge_4_impact_pair_le_050
6,3,4,2,0,0.666666666667,0.104978,0.543316,-0.438338,-0.447349,"{""MOT20-01"": -0.44734900000000266, ""MOT20-02"": -0.003159999999993999, ""MOT20-05"": 0.012170999999995}",-4.496965,0,MOT20-03,hist_norm_tail,hist,normalized,tail,changed_ge_4_margin_ge_002
10,3,7,3,0,0.7,0.186211,0.552856,-0.366645,-0.406992,"{""MOT20-01"": -0.40699200000000246, ""MOT20-02"": 0.027855000000016603, ""MOT20-05"": 0.0124919999999945}",-4.351901,0,MOT20-03,hist_norm_tail,hist,normalized,tail,changed_ge_4_score_ge_070
12,3,6,6,0,0.5,0.082038,0.025264,0.056774,-0.012234,"{""MOT20-01"": 0.06913400000000529, ""MOT20-02"": -0.0122339999999638, ""MOT20-03"": -0.00012600000002287583}",-0.106248,0,MOT20-05,extra_raw_capped,extra,raw,capped,all
10,3,5,5,0,0.5,0.081842,0.02526,0.056582,-0.01243,"{""MOT20-01"": 0.06913400000000529, ""MOT20-02"": -0.0124299999999663, ""MOT20-03"": -0.000122000000018764}",-0.107008,0,MOT20-05,extra_raw_capped,extra,raw,capped,changed_ge_2
8,3,5,3,0,0.625,0.081842,0.023893,0.057949,-0.01158,"{""MOT20-01"": 0.06913400000000529, ""MOT20-02"": -0.0115799999999808, ""MOT20-03"": 0.000394999999983236}",-0.096256,0,MOT20-05,extra_raw_capped,extra,raw,capped,changed_ge_4
6,3,4,2,0,0.666666666667,0.081502,0.021853,0.059649,-0.00954,"{""MOT20-01"": 0.06913400000000529, ""MOT20-02"": -0.009539999999987, ""MOT20-03"": 5.499999998903604e-05}",-0.078236,0,MOT20-05,extra_raw_capped,extra,raw,capped,changed_ge_8
2,2,1,1,0,0.5,5.5e-05,0.00954,-0.009485,-0.00954,"{""MOT20-01"": 0.0, ""MOT20-02"": -0.009539999999987, ""MOT20-03"": 5.499999998903604e-05}",-0.085805,0,MOT20-05,extra_raw_capped,extra,raw,capped,changed_ge_12
12,3,6,6,0,0.5,0.082038,0.025264,0.056774,-0.012234,"{""MOT20-01"": 0.06913400000000529, ""MOT20-02"": -0.0122339999999638, ""MOT20-03"": -0.00012600000002287583}",-0.106248,0,MOT20-05,extra_raw_capped,extra,raw,capped,impact_receiver_le_080
8,3,5,3,0,0.625,0.081842,0.023893,0.057949,-0.01158,"{""MOT20-01"": 0.06913400000000529, ""MOT20-02"": -0.0115799999999808, ""MOT20-03"": 0.000394999999983236}",-0.096256,0,MOT20-05,extra_raw_capped,extra,raw,capped,changed_ge_4_impact_receiver_le_080
7,3,4,3,0,0.571428571429,0.081787,0.023893,0.057894,-0.01158,"{""MOT20-01"": 0.06913400000000529, ""MOT20-02"": -0.0115799999999808, ""MOT20-03"": 0.0003399999999942}",-0.096311,0,MOT20-05,extra_raw_capped,extra,raw,capped,changed_ge_4_impact_pair_le_050
7,3,5,2,0,0.714285714286,0.081842,0.021853,0.059989,-0.00954,"{""MOT20-01"": 0.06913400000000529, ""MOT20-02"": -0.009539999999987, ""MOT20-03"": 0.000394999999983236}",-0.077896,0,MOT20-05,extra_raw_capped,extra,raw,capped,changed_ge_4_margin_ge_002
8,3,5,3,0,0.625,0.081842,0.023893,0.057949,-0.01158,"{""MOT20-01"": 0.06913400000000529, ""MOT20-02"": -0.0115799999999808, ""MOT20-03"": 0.000394999999983236}",-0.096256,0,MOT20-05,extra_raw_capped,extra,raw,capped,changed_ge_4_score_ge_070
12,3,6,6,0,0.5,0.082038,0.02536,0.056678,-0.012234,"{""MOT20-01"": 0.06913400000000529, ""MOT20-02"": -0.0122339999999638, ""MOT20-03"": -0.000222000000022064}",-0.106824,0,MOT20-05,extra_raw_tail,extra,raw,tail,all
11,3,5,6,0,0.454545454545,0.081842,0.02536,0.056482,-0.01243,"{""MOT20-01"": 0.06913400000000529, ""MOT20-02"": -0.0124299999999663, ""MOT20-03"": -0.000222000000022064}",-0.107608,0,MOT20-05,extra_raw_tail,extra,raw,tail,changed_ge_2
8,3,5,3,0,0.625,0.081842,0.023893,0.057949,-0.01158,"{""MOT20-01"": 0.06913400000000529, ""MOT20-02"": -0.0115799999999808, ""MOT20-03"": 0.000394999999983236}",-0.096256,0,MOT20-05,extra_raw_tail,extra,raw,tail,changed_ge_4
6,3,4,2,0,0.666666666667,0.081502,0.021853,0.059649,-0.00954,"{""MOT20-01"": 0.06913400000000529, ""MOT20-02"": -0.009539999999987, ""MOT20-03"": 5.499999998903604e-05}",-0.078236,0,MOT20-05,extra_raw_tail,extra,raw,tail,changed_ge_8
2,2,1,1,0,0.5,5.5e-05,0.00954,-0.009485,-0.00954,"{""MOT20-01"": 0.0, ""MOT20-02"": -0.009539999999987, ""MOT20-03"": 5.499999998903604e-05}",-0.085805,0,MOT20-05,extra_raw_tail,extra,raw,tail,changed_ge_12
12,3,6,6,0,0.5,0.082038,0.02536,0.056678,-0.012234,"{""MOT20-01"": 0.06913400000000529, ""MOT20-02"": -0.0122339999999638, ""MOT20-03"": -0.000222000000022064}",-0.106824,0,MOT20-05,extra_raw_tail,extra,raw,tail,impact_receiver_le_080
8,3,5,3,0,0.625,0.081842,0.023893,0.057949,-0.01158,"{""MOT20-01"": 0.06913400000000529, ""MOT20-02"": -0.0115799999999808, ""MOT20-03"": 0.000394999999983236}",-0.096256,0,MOT20-05,extra_raw_tail,extra,raw,tail,changed_ge_4_impact_receiver_le_080
7,3,4,3,0,0.571428571429,0.081787,0.023893,0.057894,-0.01158,"{""MOT20-01"": 0.06913400000000529, ""MOT20-02"": -0.0115799999999808, ""MOT20-03"": 0.0003399999999942}",-0.096311,0,MOT20-05,extra_raw_tail,extra,raw,tail,changed_ge_4_impact_pair_le_050
7,3,5,2,0,0.714285714286,0.081842,0.021853,0.059989,-0.00954,"{""MOT20-01"": 0.06913400000000529, ""MOT20-02"": -0.009539999999987, ""MOT20-03"": 0.000394999999983236}",-0.077896,0,MOT20-05,extra_raw_tail,extra,raw,tail,changed_ge_4_margin_ge_002
8,3,5,3,0,0.625,0.081842,0.023893,0.057949,-0.01158,"{""MOT20-01"": 0.06913400000000529, ""MOT20-02"": -0.0115799999999808, ""MOT20-03"": 0.000394999999983236}",-0.096256,0,MOT20-05,extra_raw_tail,extra,raw,tail,changed_ge_4_score_ge_070
12,3,6,6,0,0.5,0.121662,0.025264,0.096398,-0.012234,"{""MOT20-01"": 0.10875800000000879, ""MOT20-02"": -0.0122339999999638, ""MOT20-03"": -0.00012600000002287583}",-0.066624,0,MOT20-05,extra_norm_capped,extra,normalized,capped,all
10,3,5,5,0,0.5,0.121466,0.02526,0.096206,-0.01243,"{""MOT20-01"": 0.10875800000000879, ""MOT20-02"": -0.0124299999999663, ""MOT20-03"": -0.000122000000018764}",-0.067384,0,MOT20-05,extra_norm_capped,extra,normalized,capped,changed_ge_2
8,3,5,3,0,0.625,0.121466,0.023893,0.097573,-0.01158,"{""MOT20-01"": 0.10875800000000879, ""MOT20-02"": -0.0115799999999808, ""MOT20-03"": 0.000394999999983236}",-0.056632,0,MOT20-05,extra_norm_capped,extra,normalized,capped,changed_ge_4
6,3,4,2,0,0.666666666667,0.121126,0.021853,0.099273,-0.00954,"{""MOT20-01"": 0.10875800000000879, ""MOT20-02"": -0.009539999999987, ""MOT20-03"": 5.499999998903604e-05}",-0.038612,0,MOT20-05,extra_norm_capped,extra,normalized,capped,changed_ge_8
2,2,1,1,0,0.5,5.5e-05,0.00954,-0.009485,-0.00954,"{""MOT20-01"": 0.0, ""MOT20-02"": -0.009539999999987, ""MOT20-03"": 5.499999998903604e-05}",-0.085805,0,MOT20-05,extra_norm_capped,extra,normalized,capped,changed_ge_12
12,3,6,6,0,0.5,0.121662,0.025264,0.096398,-0.012234,"{""MOT20-01"": 0.10875800000000879, ""MOT20-02"": -0.0122339999999638, ""MOT20-03"": -0.00012600000002287583}",-0.066624,0,MOT20-05,extra_norm_capped,extra,normalized,capped,impact_receiver_le_080
8,3,5,3,0,0.625,0.121466,0.023893,0.097573,-0.01158,"{""MOT20-01"": 0.10875800000000879, ""MOT20-02"": -0.0115799999999808, ""MOT20-03"": 0.000394999999983236}",-0.056632,0,MOT20-05,extra_norm_capped,extra,normalized,capped,changed_ge_4_impact_receiver_le_080
7,3,4,3,0,0.571428571429,0.121411,0.023893,0.097518,-0.01158,"{""MOT20-01"": 0.10875800000000879, ""MOT20-02"": -0.0115799999999808, ""MOT20-03"": 0.0003399999999942}",-0.056687,0,MOT20-05,extra_norm_capped,extra,normalized,capped,changed_ge_4_impact_pair_le_050
6,3,4,2,0,0.666666666667,0.081109,0.021853,0.059256,-0.00954,"{""MOT20-01"": 0.0684010000000086, ""MOT20-02"": -0.009539999999987, ""MOT20-03"": 0.000394999999983236}",-0.078629,0,MOT20-05,extra_norm_capped,extra,normalized,capped,changed_ge_4_margin_ge_002
8,3,5,3,0,0.625,0.121466,0.023893,0.097573,-0.01158,"{""MOT20-01"": 0.10875800000000879, ""MOT20-02"": -0.0115799999999808, ""MOT20-03"": 0.000394999999983236}",-0.056632,0,MOT20-05,extra_norm_capped,extra,normalized,capped,changed_ge_4_score_ge_070
12,3,6,6,0,0.5,0.121662,0.02536,0.096302,-0.012234,"{""MOT20-01"": 0.10875800000000879, ""MOT20-02"": -0.0122339999999638, ""MOT20-03"": -0.000222000000022064}",-0.0672,0,MOT20-05,extra_norm_tail,extra,normalized,tail,all
11,3,5,6,0,0.454545454545,0.121466,0.02536,0.096106,-0.01243,"{""MOT20-01"": 0.10875800000000879, ""MOT20-02"": -0.0124299999999663, ""MOT20-03"": -0.000222000000022064}",-0.067984,0,MOT20-05,extra_norm_tail,extra,normalized,tail,changed_ge_2
8,3,5,3,0,0.625,0.121466,0.023893,0.097573,-0.01158,"{""MOT20-01"": 0.10875800000000879, ""MOT20-02"": -0.0115799999999808, ""MOT20-03"": 0.000394999999983236}",-0.056632,0,MOT20-05,extra_norm_tail,extra,normalized,tail,changed_ge_4
6,3,4,2,0,0.666666666667,0.121126,0.021853,0.099273,-0.00954,"{""MOT20-01"": 0.10875800000000879, ""MOT20-02"": -0.009539999999987, ""MOT20-03"": 5.499999998903604e-05}",-0.038612,0,MOT20-05,extra_norm_tail,extra,normalized,tail,changed_ge_8
2,2,1,1,0,0.5,5.5e-05,0.00954,-0.009485,-0.00954,"{""MOT20-01"": 0.0, ""MOT20-02"": -0.009539999999987, ""MOT20-03"": 5.499999998903604e-05}",-0.085805,0,MOT20-05,extra_norm_tail,extra,normalized,tail,changed_ge_12
12,3,6,6,0,0.5,0.121662,0.02536,0.096302,-0.012234,"{""MOT20-01"": 0.10875800000000879, ""MOT20-02"": -0.0122339999999638, ""MOT20-03"": -0.000222000000022064}",-0.0672,0,MOT20-05,extra_norm_tail,extra,normalized,tail,impact_receiver_le_080
8,3,5,3,0,0.625,0.121466,0.023893,0.097573,-0.01158,"{""MOT20-01"": 0.10875800000000879, ""MOT20-02"": -0.0115799999999808, ""MOT20-03"": 0.000394999999983236}",-0.056632,0,MOT20-05,extra_norm_tail,extra,normalized,tail,changed_ge_4_impact_receiver_le_080
7,3,4,3,0,0.571428571429,0.121411,0.023893,0.097518,-0.01158,"{""MOT20-01"": 0.10875800000000879, ""MOT20-02"": -0.0115799999999808, ""MOT20-03"": 0.0003399999999942}",-0.056687,0,MOT20-05,extra_norm_tail,extra,normalized,tail,changed_ge_4_impact_pair_le_050
6,3,4,2,0,0.666666666667,0.081109,0.021853,0.059256,-0.00954,"{""MOT20-01"": 0.0684010000000086, ""MOT20-02"": -0.009539999999987, ""MOT20-03"": 0.000394999999983236}",-0.078629,0,MOT20-05,extra_norm_tail,extra,normalized,tail,changed_ge_4_margin_ge_002
8,3,5,3,0,0.625,0.121466,0.023893,0.097573,-0.01158,"{""MOT20-01"": 0.10875800000000879, ""MOT20-02"": -0.0115799999999808, ""MOT20-03"": 0.000394999999983236}",-0.056632,0,MOT20-05,extra_norm_tail,extra,normalized,tail,changed_ge_4_score_ge_070
12,3,5,7,0,0.416666666667,0.084752,0.043314,0.041438,-0.02679,"{""MOT20-01"": 0.06913400000000529, ""MOT20-02"": -0.0267899999999627, ""MOT20-03"": -0.000906000000028764}",-0.255502,0,MOT20-05,hist_raw_capped,hist,raw,capped,all
12,3,5,7,0,0.416666666667,0.084752,0.043314,0.041438,-0.02679,"{""MOT20-01"": 0.06913400000000529, ""MOT20-02"": -0.0267899999999627, ""MOT20-03"": -0.000906000000028764}",-0.255502,0,MOT20-05,hist_raw_capped,hist,raw,capped,changed_ge_2
9,3,5,4,0,0.555555555556,0.084752,0.041847,0.042905,-0.02594,"{""MOT20-01"": 0.06913400000000529, ""MOT20-02"": -0.0259399999999772, ""MOT20-03"": -0.00028900000002346396}",-0.24415,0,MOT20-05,hist_raw_capped,hist,raw,capped,changed_ge_4
8,3,4,4,0,0.5,0.081502,0.041847,0.039655,-0.02919,"{""MOT20-01"": 0.06913400000000529, ""MOT20-02"": -0.0291899999999856, ""MOT20-03"": -0.00028900000002346396}",-0.25715,0,MOT20-05,hist_raw_capped,hist,raw,capped,changed_ge_8
4,2,1,3,0,0.25,5.5e-05,0.029534,-0.029479,-0.02919,"{""MOT20-01"": 0.0, ""MOT20-02"": -0.0291899999999856, ""MOT20-03"": -0.00028900000002346396}",-0.264719,0,MOT20-05,hist_raw_capped,hist,raw,capped,changed_ge_12
12,3,5,7,0,0.416666666667,0.084752,0.043314,0.041438,-0.02679,"{""MOT20-01"": 0.06913400000000529, ""MOT20-02"": -0.0267899999999627, ""MOT20-03"": -0.000906000000028764}",-0.255502,0,MOT20-05,hist_raw_capped,hist,raw,capped,impact_receiver_le_080
9,3,5,4,0,0.555555555556,0.084752,0.041847,0.042905,-0.02594,"{""MOT20-01"": 0.06913400000000529, ""MOT20-02"": -0.0259399999999772, ""MOT20-03"": -0.00028900000002346396}",-0.24415,0,MOT20-05,hist_raw_capped,hist,raw,capped,changed_ge_4_impact_receiver_le_080
8,3,4,4,0,0.5,0.084697,0.041847,0.04285,-0.02594,"{""MOT20-01"": 0.06913400000000529, ""MOT20-02"": -0.0259399999999772, ""MOT20-03"": -0.0003440000000125}",-0.244205,0,MOT20-05,hist_raw_capped,hist,raw,capped,changed_ge_4_impact_pair_le_050
7,3,4,3,0,0.571428571429,0.081502,0.022197,0.059305,-0.00954,"{""MOT20-01"": 0.06913400000000529, ""MOT20-02"": -0.009539999999987, ""MOT20-03"": -0.00028900000002346396}",-0.0803,0,MOT20-05,hist_raw_capped,hist,raw,capped,changed_ge_4_margin_ge_002
9,3,5,4,0,0.555555555556,0.084752,0.041847,0.042905,-0.02594,"{""MOT20-01"": 0.06913400000000529, ""MOT20-02"": -0.0259399999999772, ""MOT20-03"": -0.00028900000002346396}",-0.24415,0,MOT20-05,hist_raw_capped,hist,raw,capped,changed_ge_4_score_ge_070
12,3,7,5,0,0.583333333333,0.090248,0.023224,0.067024,-0.001984,"{""MOT20-01"": 0.06913400000000529, ""MOT20-02"": -0.0019839999999647, ""MOT20-03"": -0.00012600000002287583}",-0.055048,0,MOT20-05,hist_raw_tail,hist,raw,tail,all
10,3,6,4,0,0.6,0.090052,0.02322,0.066832,-0.00218,"{""MOT20-01"": 0.06913400000000529, ""MOT20-02"": -0.0021799999999672, ""MOT20-03"": -0.000122000000018764}",-0.055808,0,MOT20-05,hist_raw_tail,hist,raw,tail,changed_ge_2
8,3,6,2,0,0.75,0.090052,0.021853,0.068199,-0.00133,"{""MOT20-01"": 0.06913400000000529, ""MOT20-02"": -0.0013299999999817, ""MOT20-03"": 0.000394999999983236}",-0.045056,0,MOT20-05,hist_raw_tail,hist,raw,tail,changed_ge_4
7,3,5,2,0,0.714285714286,0.089712,0.021853,0.067859,-0.00133,"{""MOT20-01"": 0.06913400000000529, ""MOT20-02"": -0.0013299999999817, ""MOT20-03"": 5.499999998903604e-05}",-0.045396,0,MOT20-05,hist_raw_tail,hist,raw,tail,changed_ge_8
3,2,2,1,0,0.666666666667,0.008265,0.00954,-0.001275,-0.00133,"{""MOT20-01"": 0.0, ""MOT20-02"": -0.0013299999999817, ""MOT20-03"": 5.499999998903604e-05}",-0.052965,0,MOT20-05,hist_raw_tail,hist,raw,tail,changed_ge_12
12,3,7,5,0,0.583333333333,0.090248,0.023224,0.067024,-0.001984,"{""MOT20-01"": 0.06913400000000529, ""MOT20-02"": -0.0019839999999647, ""MOT20-03"": -0.00012600000002287583}",-0.055048,0,MOT20-05,hist_raw_tail,hist,raw,tail,impact_receiver_le_080
8,3,6,2,0,0.75,0.090052,0.021853,0.068199,-0.00133,"{""MOT20-01"": 0.06913400000000529, ""MOT20-02"": -0.0013299999999817, ""MOT20-03"": 0.000394999999983236}",-0.045056,0,MOT20-05,hist_raw_tail,hist,raw,tail,changed_ge_4_impact_receiver_le_080
7,3,5,2,0,0.714285714286,0.089997,0.021853,0.068144,-0.00133,"{""MOT20-01"": 0.06913400000000529, ""MOT20-02"": -0.0013299999999817, ""MOT20-03"": 0.0003399999999942}",-0.045111,0,MOT20-05,hist_raw_tail,hist,raw,tail,changed_ge_4_impact_pair_le_050
6,3,4,2,0,0.666666666667,0.081787,0.021853,0.059934,-0.00954,"{""MOT20-01"": 0.06913400000000529, ""MOT20-02"": -0.009539999999987, ""MOT20-03"": 0.0003399999999942}",-0.077951,0,MOT20-05,hist_raw_tail,hist,raw,tail,changed_ge_4_margin_ge_002
8,3,6,2,0,0.75,0.090052,0.021853,0.068199,-0.00133,"{""MOT20-01"": 0.06913400000000529, ""MOT20-02"": -0.0013299999999817, ""MOT20-03"": 0.000394999999983236}",-0.045056,0,MOT20-05,hist_raw_tail,hist,raw,tail,changed_ge_4_score_ge_070
12,3,6,6,0,0.5,0.082038,0.025264,0.056774,-0.012234,"{""MOT20-01"": 0.06913400000000529, ""MOT20-02"": -0.0122339999999638, ""MOT20-03"": -0.00012600000002287583}",-0.106248,0,MOT20-05,hist_norm_capped,hist,normalized,capped,all
10,3,5,5,0,0.5,0.081842,0.02526,0.056582,-0.01243,"{""MOT20-01"": 0.06913400000000529, ""MOT20-02"": -0.0124299999999663, ""MOT20-03"": -0.000122000000018764}",-0.107008,0,MOT20-05,hist_norm_capped,hist,normalized,capped,changed_ge_2
8,3,5,3,0,0.625,0.081842,0.023893,0.057949,-0.01158,"{""MOT20-01"": 0.06913400000000529, ""MOT20-02"": -0.0115799999999808, ""MOT20-03"": 0.000394999999983236}",-0.096256,0,MOT20-05,hist_norm_capped,hist,normalized,capped,changed_ge_4
6,3,4,2,0,0.666666666667,0.081502,0.021853,0.059649,-0.00954,"{""MOT20-01"": 0.06913400000000529, ""MOT20-02"": -0.009539999999987, ""MOT20-03"": 5.499999998903604e-05}",-0.078236,0,MOT20-05,hist_norm_capped,hist,normalized,capped,changed_ge_8
2,2,1,1,0,0.5,5.5e-05,0.00954,-0.009485,-0.00954,"{""MOT20-01"": 0.0, ""MOT20-02"": -0.009539999999987, ""MOT20-03"": 5.499999998903604e-05}",-0.085805,0,MOT20-05,hist_norm_capped,hist,normalized,capped,changed_ge_12
12,3,6,6,0,0.5,0.082038,0.025264,0.056774,-0.012234,"{""MOT20-01"": 0.06913400000000529, ""MOT20-02"": -0.0122339999999638, ""MOT20-03"": -0.00012600000002287583}",-0.106248,0,MOT20-05,hist_norm_capped,hist,normalized,capped,impact_receiver_le_080
8,3,5,3,0,0.625,0.081842,0.023893,0.057949,-0.01158,"{""MOT20-01"": 0.06913400000000529, ""MOT20-02"": -0.0115799999999808, ""MOT20-03"": 0.000394999999983236}",-0.096256,0,MOT20-05,hist_norm_capped,hist,normalized,capped,changed_ge_4_impact_receiver_le_080
7,3,4,3,0,0.571428571429,0.081787,0.023893,0.057894,-0.01158,"{""MOT20-01"": 0.06913400000000529, ""MOT20-02"": -0.0115799999999808, ""MOT20-03"": 0.0003399999999942}",-0.096311,0,MOT20-05,hist_norm_capped,hist,normalized,capped,changed_ge_4_impact_pair_le_050
8,3,5,3,0,0.625,0.081842,0.023893,0.057949,-0.01158,"{""MOT20-01"": 0.06913400000000529, ""MOT20-02"": -0.0115799999999808, ""MOT20-03"": 0.000394999999983236}",-0.096256,0,MOT20-05,hist_norm_capped,hist,normalized,capped,changed_ge_4_margin_ge_002
8,3,5,3,0,0.625,0.081842,0.023893,0.057949,-0.01158,"{""MOT20-01"": 0.06913400000000529, ""MOT20-02"": -0.0115799999999808, ""MOT20-03"": 0.000394999999983236}",-0.096256,0,MOT20-05,hist_norm_capped,hist,normalized,capped,changed_ge_4_score_ge_070
12,3,7,5,0,0.583333333333,0.085288,0.023224,0.062064,-0.006944,"{""MOT20-01"": 0.06913400000000529, ""MOT20-02"": -0.0069439999999616, ""MOT20-03"": -0.00012600000002287583}",-0.074888,0,MOT20-05,hist_norm_tail,hist,normalized,tail,all
10,3,6,4,0,0.6,0.085092,0.02322,0.061872,-0.00714,"{""MOT20-01"": 0.06913400000000529, ""MOT20-02"": -0.0071399999999641, ""MOT20-03"": -0.000122000000018764}",-0.075648,0,MOT20-05,hist_norm_tail,hist,normalized,tail,changed_ge_2
8,3,6,2,0,0.75,0.085092,0.021853,0.063239,-0.00629,"{""MOT20-01"": 0.06913400000000529, ""MOT20-02"": -0.0062899999999786, ""MOT20-03"": 0.000394999999983236}",-0.064896,0,MOT20-05,hist_norm_tail,hist,normalized,tail,changed_ge_4
6,3,4,2,0,0.666666666667,0.081502,0.021853,0.059649,-0.00954,"{""MOT20-01"": 0.06913400000000529, ""MOT20-02"": -0.009539999999987, ""MOT20-03"": 5.499999998903604e-05}",-0.078236,0,MOT20-05,hist_norm_tail,hist,normalized,tail,changed_ge_8
2,2,1,1,0,0.5,5.5e-05,0.00954,-0.009485,-0.00954,"{""MOT20-01"": 0.0, ""MOT20-02"": -0.009539999999987, ""MOT20-03"": 5.499999998903604e-05}",-0.085805,0,MOT20-05,hist_norm_tail,hist,normalized,tail,changed_ge_12
12,3,7,5,0,0.583333333333,0.085288,0.023224,0.062064,-0.006944,"{""MOT20-01"": 0.06913400000000529, ""MOT20-02"": -0.0069439999999616, ""MOT20-03"": -0.00012600000002287583}",-0.074888,0,MOT20-05,hist_norm_tail,hist,normalized,tail,impact_receiver_le_080
8,3,6,2,0,0.75,0.085092,0.021853,0.063239,-0.00629,"{""MOT20-01"": 0.06913400000000529, ""MOT20-02"": -0.0062899999999786, ""MOT20-03"": 0.000394999999983236}",-0.064896,0,MOT20-05,hist_norm_tail,hist,normalized,tail,changed_ge_4_impact_receiver_le_080
7,3,5,2,0,0.714285714286,0.085037,0.021853,0.063184,-0.00629,"{""MOT20-01"": 0.06913400000000529, ""MOT20-02"": -0.0062899999999786, ""MOT20-03"": 0.0003399999999942}",-0.064951,0,MOT20-05,hist_norm_tail,hist,normalized,tail,changed_ge_4_impact_pair_le_050
7,3,5,2,0,0.714285714286,0.081842,0.021853,0.059989,-0.00954,"{""MOT20-01"": 0.06913400000000529, ""MOT20-02"": -0.009539999999987, ""MOT20-03"": 0.000394999999983236}",-0.077896,0,MOT20-05,hist_norm_tail,hist,normalized,tail,changed_ge_4_margin_ge_002
8,3,6,2,0,0.75,0.085092,0.021853,0.063239,-0.00629,"{""MOT20-01"": 0.06913400000000529, ""MOT20-02"": -0.0062899999999786, ""MOT20-03"": 0.000394999999983236}",-0.064896,0,MOT20-05,hist_norm_tail,hist,normalized,tail,changed_ge_4_score_ge_070
