metric,target,pearson,pearson_p,pearson_n,spearman,spearman_p,spearman_n,roc_auc,auc_n,sequence,sequence_spearman,sequence_spearman_p,sequence_n
h30_row_net,delta_AssA,0.241866376805,0.00024994808,225.0,0.304200269091,3.34812e-06,225.0,,,,,,
h30_row_net,delta_HOTA,0.245784843376,0.000196465673,225.0,0.312913383657,1.681578e-06,225.0,,,,,,
h30_row_net,delta_IDF1,0.188741434455,0.004498202717,225.0,0.237486532649,0.000325625977,225.0,,,,,,
h30_row_net,positive_delta_HOTA,,,,,,,0.60593220339,225.0,,,,
h30_row_net,delta_AssA,,,,,,,,,MOT20-01,0.220507305452,0.140861733108,46.0
h30_row_net,delta_AssA,,,,,,,,,MOT20-02,0.186327514839,0.125291729477,69.0
h30_row_net,delta_AssA,,,,,,,,,MOT20-03,0.493438910522,0.000129234156,55.0
h30_row_net,delta_AssA,,,,,,,,,MOT20-05,0.279267775117,0.038940660167,55.0
h30_donor_minus_receiver_support_frac,delta_AssA,0.23932110098,0.00029164925,225.0,0.332370448571,3.33211e-07,225.0,,,,,,
h30_donor_minus_receiver_support_frac,delta_HOTA,0.243573072976,0.000225172943,225.0,0.339410819308,1.80335e-07,225.0,,,,,,
h30_donor_minus_receiver_support_frac,delta_IDF1,0.185001670228,0.005375302049,225.0,0.276833943496,2.5312884e-05,225.0,,,,,,
h30_donor_minus_receiver_support_frac,positive_delta_HOTA,,,,,,,0.621292372881,225.0,,,,
h30_donor_minus_receiver_support_frac,delta_AssA,,,,,,,,,MOT20-01,0.219009958219,0.143648391473,46.0
h30_donor_minus_receiver_support_frac,delta_AssA,,,,,,,,,MOT20-02,0.249318482798,0.038837300798,69.0
h30_donor_minus_receiver_support_frac,delta_AssA,,,,,,,,,MOT20-03,0.500692700417,9.8982875e-05,55.0
h30_donor_minus_receiver_support_frac,delta_AssA,,,,,,,,,MOT20-05,0.353468606411,0.008115257461,55.0
h30_pairwise_net_norm,delta_AssA,0.247374824449,0.000177980429,225.0,0.349816208934,7.0749e-08,225.0,,,,,,
h30_pairwise_net_norm,delta_HOTA,0.251725519602,0.000135363301,225.0,0.355876779406,4.038e-08,225.0,,,,,,
h30_pairwise_net_norm,delta_IDF1,0.198558495657,0.002774899761,225.0,0.290687523998,9.33162e-06,225.0,,,,,,
h30_pairwise_net_norm,positive_delta_HOTA,,,,,,,0.625765065913,225.0,,,,
h30_pairwise_net_norm,delta_AssA,,,,,,,,,MOT20-01,0.29511079333,0.046476006909,46.0
h30_pairwise_net_norm,delta_AssA,,,,,,,,,MOT20-02,0.456379547694,8.1042713e-05,69.0
h30_pairwise_net_norm,delta_AssA,,,,,,,,,MOT20-03,0.478410891692,0.000220409475,55.0
h30_pairwise_net_norm,delta_AssA,,,,,,,,,MOT20-05,0.261822497836,0.053487987008,55.0
h30_idtp_delta_norm,delta_AssA,0.285363759802,1.3779114e-05,225.0,0.455212516339,1e-12,225.0,,,,,,
h30_idtp_delta_norm,delta_HOTA,0.287427518401,1.1858009e-05,225.0,0.453010734208,1e-12,225.0,,,,,,
h30_idtp_delta_norm,delta_IDF1,0.23362949754,0.000409389352,225.0,0.367765925383,1.2982e-08,225.0,,,,,,
h30_idtp_delta_norm,positive_delta_HOTA,,,,,,,0.684851694915,225.0,,,,
h30_idtp_delta_norm,delta_AssA,,,,,,,,,MOT20-01,0.631816261063,2.48945e-06,46.0
h30_idtp_delta_norm,delta_AssA,,,,,,,,,MOT20-02,0.321944095635,0.006983246342,69.0
h30_idtp_delta_norm,delta_AssA,,,,,,,,,MOT20-03,0.45798508662,0.000438231209,55.0
h30_idtp_delta_norm,delta_AssA,,,,,,,,,MOT20-05,0.559136509392,9.115539e-06,55.0
h60_row_net,delta_AssA,0.262656495738,6.6590238e-05,225.0,0.367849994989,1.2877e-08,225.0,,,,,,
h60_row_net,delta_HOTA,0.263586885203,6.2597654e-05,225.0,0.370264145222,1.0168e-08,225.0,,,,,,
h60_row_net,delta_IDF1,0.217606474454,0.001018465779,225.0,0.296431178174,6.074141e-06,225.0,,,,,,
h60_row_net,positive_delta_HOTA,,,,,,,0.676553672316,225.0,,,,
h60_row_net,delta_AssA,,,,,,,,,MOT20-01,0.224592743972,0.133462731346,46.0
h60_row_net,delta_AssA,,,,,,,,,MOT20-02,0.364730675104,0.00206152269,69.0
h60_row_net,delta_AssA,,,,,,,,,MOT20-03,0.487807929769,0.000158311169,55.0
h60_row_net,delta_AssA,,,,,,,,,MOT20-05,0.378597589906,0.004369217548,55.0
h60_donor_minus_receiver_support_frac,delta_AssA,0.266579420801,5.1228643e-05,225.0,0.395195453217,7.9e-10,225.0,,,,,,
h60_donor_minus_receiver_support_frac,delta_HOTA,0.267866671844,4.6962558e-05,225.0,0.397386017486,6.24e-10,225.0,,,,,,
h60_donor_minus_receiver_support_frac,delta_IDF1,0.220583134198,0.000863953287,225.0,0.331218637745,3.67886e-07,225.0,,,,,,
h60_donor_minus_receiver_support_frac,positive_delta_HOTA,,,,,,,0.684733992467,225.0,,,,
h60_donor_minus_receiver_support_frac,delta_AssA,,,,,,,,,MOT20-01,0.223047352684,0.136226611971,46.0
h60_donor_minus_receiver_support_frac,delta_AssA,,,,,,,,,MOT20-02,0.414111366952,0.000404327357,69.0
h60_donor_minus_receiver_support_frac,delta_AssA,,,,,,,,,MOT20-03,0.495439960603,0.000120139764,55.0
h60_donor_minus_receiver_support_frac,delta_AssA,,,,,,,,,MOT20-05,0.448051457264,0.000602930064,55.0
h60_pairwise_net_norm,delta_AssA,0.264091509218,6.0527424e-05,225.0,0.430076985741,1.5e-11,225.0,,,,,,
h60_pairwise_net_norm,delta_HOTA,0.263589013046,6.2588787e-05,225.0,0.430778148248,1.4e-11,225.0,,,,,,
h60_pairwise_net_norm,delta_IDF1,0.220737143058,0.000856579426,225.0,0.379698773045,3.965e-09,225.0,,,,,,
h60_pairwise_net_norm,positive_delta_HOTA,,,,,,,0.737405838041,225.0,,,,
h60_pairwise_net_norm,delta_AssA,,,,,,,,,MOT20-01,0.544293103164,9.2232721e-05,46.0
h60_pairwise_net_norm,delta_AssA,,,,,,,,,MOT20-02,0.53558171594,2.11636e-06,69.0
h60_pairwise_net_norm,delta_AssA,,,,,,,,,MOT20-03,0.478235142036,0.000221757771,55.0
h60_pairwise_net_norm,delta_AssA,,,,,,,,,MOT20-05,0.342131415061,0.01056696438,55.0
h60_idtp_delta_norm,delta_AssA,0.391757844514,1.138e-09,225.0,0.611088801276,0.0,225.0,,,,,,
h60_idtp_delta_norm,delta_HOTA,0.393076243939,9.9e-10,225.0,0.616450108999,0.0,225.0,,,,,,
h60_idtp_delta_norm,delta_IDF1,0.339691738608,1.75915e-07,225.0,0.501095707366,0.0,225.0,,,,,,
h60_idtp_delta_norm,positive_delta_HOTA,,,,,,,0.766184086629,225.0,,,,
h60_idtp_delta_norm,delta_AssA,,,,,,,,,MOT20-01,0.685994048757,1.42833e-07,46.0
h60_idtp_delta_norm,delta_AssA,,,,,,,,,MOT20-02,0.519864706171,4.69803e-06,69.0
h60_idtp_delta_norm,delta_AssA,,,,,,,,,MOT20-03,0.594509809781,1.70316e-06,55.0
h60_idtp_delta_norm,delta_AssA,,,,,,,,,MOT20-05,0.57044901276,5.444531e-06,55.0
h120_row_net,delta_AssA,0.337623534002,2.11056e-07,225.0,0.539822400307,0.0,225.0,,,,,,
h120_row_net,delta_HOTA,0.334820643008,2.69572e-07,225.0,0.540497888267,0.0,225.0,,,,,,
h120_row_net,delta_IDF1,0.289187782783,1.0422846e-05,225.0,0.491058924595,0.0,225.0,,,,,,
h120_row_net,positive_delta_HOTA,,,,,,,0.843632297552,225.0,,,,
h120_row_net,delta_AssA,,,,,,,,,MOT20-01,0.754584219657,1.389e-09,46.0
h120_row_net,delta_AssA,,,,,,,,,MOT20-02,0.469909366921,4.6266865e-05,69.0
h120_row_net,delta_AssA,,,,,,,,,MOT20-03,0.571146682108,5.270895e-06,55.0
h120_row_net,delta_AssA,,,,,,,,,MOT20-05,0.431925749548,0.000991902601,55.0
h120_donor_minus_receiver_support_frac,delta_AssA,0.340623194177,1.61991e-07,225.0,0.558803856623,0.0,225.0,,,,,,
h120_donor_minus_receiver_support_frac,delta_HOTA,0.338146190263,2.01588e-07,225.0,0.55939926057,0.0,225.0,,,,,,
h120_donor_minus_receiver_support_frac,delta_IDF1,0.291483005827,8.797738e-06,225.0,0.514902355223,0.0,225.0,,,,,,
h120_donor_minus_receiver_support_frac,positive_delta_HOTA,,,,,,,0.848811205273,225.0,,,,
h120_donor_minus_receiver_support_frac,delta_AssA,,,,,,,,,MOT20-01,0.752264965149,1.665e-09,46.0
h120_donor_minus_receiver_support_frac,delta_AssA,,,,,,,,,MOT20-02,0.518732647122,4.968191e-06,69.0
h120_donor_minus_receiver_support_frac,delta_AssA,,,,,,,,,MOT20-03,0.575817500175,4.234587e-06,55.0
h120_donor_minus_receiver_support_frac,delta_AssA,,,,,,,,,MOT20-05,0.495919805069,0.000118047915,55.0
h120_pairwise_net_norm,delta_AssA,0.34283838009,1.33001e-07,225.0,0.545317752705,0.0,225.0,,,,,,
h120_pairwise_net_norm,delta_HOTA,0.339961991822,1.71761e-07,225.0,0.540777679937,0.0,225.0,,,,,,
h120_pairwise_net_norm,delta_IDF1,0.297735443258,5.502731e-06,225.0,0.50838718266,0.0,225.0,,,,,,
h120_pairwise_net_norm,positive_delta_HOTA,,,,,,,0.861405367232,225.0,,,,
h120_pairwise_net_norm,delta_AssA,,,,,,,,,MOT20-01,0.683017068887,1.69758e-07,46.0
h120_pairwise_net_norm,delta_AssA,,,,,,,,,MOT20-02,0.5947194915,7.11e-08,69.0
h120_pairwise_net_norm,delta_AssA,,,,,,,,,MOT20-03,0.635883494758,1.82272e-07,55.0
h120_pairwise_net_norm,delta_AssA,,,,,,,,,MOT20-05,0.382079402535,0.003994673207,55.0
h120_idtp_delta_norm,delta_AssA,0.491711530074,0.0,225.0,0.718423490493,0.0,225.0,,,,,,
h120_idtp_delta_norm,delta_HOTA,0.491992818131,0.0,225.0,0.720717193222,0.0,225.0,,,,,,
h120_idtp_delta_norm,delta_IDF1,0.448068536226,2e-12,225.0,0.613944959868,0.0,225.0,,,,,,
h120_idtp_delta_norm,positive_delta_HOTA,,,,,,,0.833274482109,225.0,,,,
h120_idtp_delta_norm,delta_AssA,,,,,,,,,MOT20-01,0.862929614589,0.0,46.0
h120_idtp_delta_norm,delta_AssA,,,,,,,,,MOT20-02,0.641401081837,2.888e-09,69.0
h120_idtp_delta_norm,delta_AssA,,,,,,,,,MOT20-03,0.755107176456,2.7e-11,55.0
h120_idtp_delta_norm,delta_AssA,,,,,,,,,MOT20-05,0.660641485286,4.054e-08,55.0
h300_row_net,delta_AssA,0.379030594573,4.242e-09,225.0,0.600681620701,0.0,225.0,,,,,,
h300_row_net,delta_HOTA,0.375272141668,6.191e-09,225.0,0.592962499261,0.0,225.0,,,,,,
h300_row_net,delta_IDF1,0.346296983735,9.7457e-08,225.0,0.577193501232,0.0,225.0,,,,,,
h300_row_net,positive_delta_HOTA,,,,,,,0.92302259887,225.0,,,,
h300_row_net,delta_AssA,,,,,,,,,MOT20-01,0.694314929386,8.7189e-08,46.0
h300_row_net,delta_AssA,,,,,,,,,MOT20-02,0.602362521656,4.3581e-08,69.0
h300_row_net,delta_AssA,,,,,,,,,MOT20-03,0.680279944993,1.11e-08,55.0
h300_row_net,delta_AssA,,,,,,,,,MOT20-05,0.583100490568,2.9896e-06,55.0
h300_donor_minus_receiver_support_frac,delta_AssA,0.377472625382,4.965e-09,225.0,0.606577855122,0.0,225.0,,,,,,
h300_donor_minus_receiver_support_frac,delta_HOTA,0.373633178588,7.289e-09,225.0,0.598544041231,0.0,225.0,,,,,,
h300_donor_minus_receiver_support_frac,delta_IDF1,0.34483391436,1.11209e-07,225.0,0.588526568603,0.0,225.0,,,,,,
h300_donor_minus_receiver_support_frac,positive_delta_HOTA,,,,,,,0.926200564972,225.0,,,,
h300_donor_minus_receiver_support_frac,delta_AssA,,,,,,,,,MOT20-01,0.693440183356,9.1904e-08,46.0
h300_donor_minus_receiver_support_frac,delta_AssA,,,,,,,,,MOT20-02,0.602362521656,4.3581e-08,69.0
h300_donor_minus_receiver_support_frac,delta_AssA,,,,,,,,,MOT20-03,0.684370589089,8.37e-09,55.0
h300_donor_minus_receiver_support_frac,delta_AssA,,,,,,,,,MOT20-05,0.631327309645,2.36923e-07,55.0
h300_pairwise_net_norm,delta_AssA,0.362899445807,2.0773e-08,225.0,0.605070594928,0.0,225.0,,,,,,
h300_pairwise_net_norm,delta_HOTA,0.359648167577,2.8315e-08,225.0,0.595179232556,0.0,225.0,,,,,,
h300_pairwise_net_norm,delta_IDF1,0.314983423787,1.423145e-06,225.0,0.588009453474,0.0,225.0,,,,,,
h300_pairwise_net_norm,positive_delta_HOTA,,,,,,,0.937558851224,225.0,,,,
h300_pairwise_net_norm,delta_AssA,,,,,,,,,MOT20-01,0.703953248201,4.82e-08,46.0
h300_pairwise_net_norm,delta_AssA,,,,,,,,,MOT20-02,0.733420816651,1e-12,69.0
h300_pairwise_net_norm,delta_AssA,,,,,,,,,MOT20-03,0.780567437392,2e-12,55.0
h300_pairwise_net_norm,delta_AssA,,,,,,,,,MOT20-05,0.501436220771,9.6281098e-05,55.0
h300_idtp_delta_norm,delta_AssA,0.501533539187,0.0,225.0,0.786446893936,0.0,225.0,,,,,,
h300_idtp_delta_norm,delta_HOTA,0.493992948695,0.0,225.0,0.779939732027,0.0,225.0,,,,,,
h300_idtp_delta_norm,delta_IDF1,0.488945775129,0.0,225.0,0.707613549352,0.0,225.0,,,,,,
h300_idtp_delta_norm,positive_delta_HOTA,,,,,,,0.909016007533,225.0,,,,
h300_idtp_delta_norm,delta_AssA,,,,,,,,,MOT20-01,0.87910731466,0.0,46.0
h300_idtp_delta_norm,delta_AssA,,,,,,,,,MOT20-02,0.79662753177,0.0,69.0
h300_idtp_delta_norm,delta_AssA,,,,,,,,,MOT20-03,0.906367498688,0.0,55.0
h300_idtp_delta_norm,delta_AssA,,,,,,,,,MOT20-05,0.745944438856,6.4e-11,55.0
full_row_net,delta_AssA,0.396926147464,6.56e-10,225.0,0.616883075792,0.0,225.0,,,,,,
full_row_net,delta_HOTA,0.397129256377,6.42e-10,225.0,0.625774749513,0.0,225.0,,,,,,
full_row_net,delta_IDF1,0.365819463551,1.5683e-08,225.0,0.609122595282,0.0,225.0,,,,,,
full_row_net,positive_delta_HOTA,,,,,,,0.938618173258,225.0,,,,
full_row_net,delta_AssA,,,,,,,,,MOT20-01,0.694314929386,8.7189e-08,46.0
full_row_net,delta_AssA,,,,,,,,,MOT20-02,0.614796268987,1.9112e-08,69.0
full_row_net,delta_AssA,,,,,,,,,MOT20-03,0.695952589885,3.669e-09,55.0
full_row_net,delta_AssA,,,,,,,,,MOT20-05,0.62520425096,3.34803e-07,55.0
full_donor_minus_receiver_support_frac,delta_AssA,0.395296275817,7.81e-10,225.0,0.623190375127,0.0,225.0,,,,,,
full_donor_minus_receiver_support_frac,delta_HOTA,0.395426671383,7.7e-10,225.0,0.63164554772,0.0,225.0,,,,,,
full_donor_minus_receiver_support_frac,delta_IDF1,0.364273596284,1.8206e-08,225.0,0.621496899943,0.0,225.0,,,,,,
full_donor_minus_receiver_support_frac,positive_delta_HOTA,,,,,,,0.942443502825,225.0,,,,
full_donor_minus_receiver_support_frac,delta_AssA,,,,,,,,,MOT20-01,0.693440183356,9.1904e-08,46.0
full_donor_minus_receiver_support_frac,delta_AssA,,,,,,,,,MOT20-02,0.614796268987,1.9112e-08,69.0
full_donor_minus_receiver_support_frac,delta_AssA,,,,,,,,,MOT20-03,0.699912825211,2.743e-09,55.0
full_donor_minus_receiver_support_frac,delta_AssA,,,,,,,,,MOT20-05,0.682768397113,9.353e-09,55.0
full_pairwise_net_norm,delta_AssA,0.367789953857,1.2952e-08,225.0,0.602927119362,0.0,225.0,,,,,,
full_pairwise_net_norm,delta_HOTA,0.371172051605,9.299e-09,225.0,0.618371273955,0.0,225.0,,,,,,
full_pairwise_net_norm,delta_IDF1,0.311224985433,1.924956e-06,225.0,0.58622841929,0.0,225.0,,,,,,
full_pairwise_net_norm,positive_delta_HOTA,,,,,,,0.97233992467,225.0,,,,
full_pairwise_net_norm,delta_AssA,,,,,,,,,MOT20-01,0.698715686389,6.6708e-08,46.0
full_pairwise_net_norm,delta_AssA,,,,,,,,,MOT20-02,0.648165251544,1.734e-09,69.0
full_pairwise_net_norm,delta_AssA,,,,,,,,,MOT20-03,0.780607543564,2e-12,55.0
full_pairwise_net_norm,delta_AssA,,,,,,,,,MOT20-05,0.569565050002,5.672168e-06,55.0
full_idtp_delta_norm,delta_AssA,0.616890043198,0.0,225.0,0.803645253665,0.0,225.0,,,,,,
full_idtp_delta_norm,delta_HOTA,0.618362359192,0.0,225.0,0.826549053633,0.0,225.0,,,,,,
full_idtp_delta_norm,delta_IDF1,0.609959521744,0.0,225.0,0.779899686911,0.0,225.0,,,,,,
full_idtp_delta_norm,positive_delta_HOTA,,,,,,,0.950506120527,225.0,,,,
full_idtp_delta_norm,delta_AssA,,,,,,,,,MOT20-01,0.871347497034,0.0,46.0
full_idtp_delta_norm,delta_AssA,,,,,,,,,MOT20-02,0.806230662088,0.0,69.0
full_idtp_delta_norm,delta_AssA,,,,,,,,,MOT20-03,0.881743658091,0.0,55.0
full_idtp_delta_norm,delta_AssA,,,,,,,,,MOT20-05,0.754237237987,3e-11,55.0
