sequence,frame,global_pre_idx,target_gt_id,candidate_track_id,suppressor_track_id,oracle_choice,appearance_margin,geometry_margin,appearance_correct,geometry_correct
MOT20-01,113,38691,29,29,17,suppressor,-0.0022992491722106934,-0.11489981412887573,True,True
MOT20-01,170,61371,7,10,20,candidate,0.044661104679107666,-0.0875246524810791,True,False
MOT20-01,173,62707,12,50,16,candidate,0.23595622181892395,-0.0024251937866210938,True,False
MOT20-01,178,65084,32,38,34,candidate,-0.0883941650390625,0.014604270458221436,False,True
MOT20-01,187,68789,77,64,24,candidate,0.2790578007698059,0.03663259744644165,True,True
MOT20-01,191,70682,60,58,54,candidate,-0.26811307668685913,-0.13674187660217285,False,False
MOT20-01,234,90788,26,81,5,candidate,0.2544559836387634,-0.14585107564926147,True,False
MOT20-01,237,92211,26,81,5,candidate,0.07325148582458496,-0.028550267219543457,True,False
MOT20-01,238,92663,26,81,5,candidate,0.1380961537361145,-0.031779468059539795,True,False
MOT20-01,273,108821,77,24,26,candidate,0.028289198875427246,-0.089297354221344,True,False
MOT20-01,280,112564,29,70,63,candidate,0.03924316167831421,-0.03666555881500244,True,False
MOT20-01,295,119525,61,74,83,candidate,0.20141148567199707,-0.23259186744689941,True,False
MOT20-01,324,133639,44,72,13,candidate,0.012623310089111328,-0.08136838674545288,True,False
MOT20-01,340,141389,60,76,58,suppressor,0.018288135528564453,-0.20754319429397583,False,True
MOT20-01,389,162975,47,59,48,candidate,0.10410201549530029,-0.03883475065231323,True,False
MOT20-01,391,163998,43,48,59,candidate,0.1343148946762085,-0.014351963996887207,True,False
MOT20-01,416,174621,76,112,90,candidate,0.06368917226791382,-0.015064477920532227,True,False
MOT20-01,418,175521,66,90,112,candidate,0.2717705965042114,-0.040551722049713135,True,False
MOT20-01,418,175807,50,98,28,candidate,0.2149028778076172,-0.12024545669555664,True,False
MOT20-01,419,175957,66,90,112,candidate,0.2139109969139099,-0.021187305450439453,True,False
MOT20-01,423,177653,76,112,90,candidate,0.1444530487060547,-0.019196510314941406,True,False
MOT20-02,8,2387,204,28,10,candidate,-0.10090404748916626,-0.14383924007415771,False,False
MOT20-02,10,3001,204,28,10,candidate,-0.09088313579559326,-0.03310847282409668,False,False
MOT20-02,11,3313,204,28,10,candidate,-0.1108630895614624,-0.0354541540145874,False,False
MOT20-02,20,6191,207,16,19,candidate,-0.026350855827331543,0.007759153842926025,False,True
MOT20-02,21,6475,207,16,19,candidate,-0.01294320821762085,-0.01166766881942749,False,False
MOT20-02,25,7901,219,34,18,candidate,0.07331132888793945,-0.10083836317062378,True,False
MOT20-02,102,37185,218,18,37,candidate,0.10756194591522217,-0.07809054851531982,True,False
MOT20-02,109,40099,211,12,10,candidate,-0.21944737434387207,-0.016877710819244385,False,False
MOT20-02,110,40509,211,12,10,candidate,-0.2826012969017029,-0.058530211448669434,False,False
MOT20-02,111,40899,221,18,37,suppressor,0.0003725886344909668,-0.2120533585548401,False,True
MOT20-02,152,57036,211,12,71,candidate,0.03522932529449463,-0.04029655456542969,True,False
MOT20-02,177,67094,206,24,12,candidate,-0.059153079986572266,-0.12837684154510498,False,False
MOT20-02,191,72537,220,44,30,candidate,-0.4137486219406128,-0.006632089614868164,False,False
MOT20-02,216,82232,225,25,30,candidate,-0.04650181531906128,-0.024774789810180664,False,False
MOT20-02,253,96463,226,30,75,candidate,-0.18848079442977905,0.015764176845550537,False,True
MOT20-02,452,168769,273,113,109,candidate,-0.18032658100128174,0.028253138065338135,False,True
MOT20-02,470,175116,55,115,123,candidate,-0.018613576889038086,-0.06821495294570923,False,False
MOT20-02,471,175467,55,115,123,candidate,-0.006704866886138916,-0.08480089902877808,False,False
MOT20-02,472,175830,55,115,123,candidate,-0.0018655061721801758,-0.06388962268829346,False,False
MOT20-02,473,176192,55,115,123,candidate,0.007267653942108154,-0.06346553564071655,True,False
MOT20-02,482,179427,177,60,66,suppressor,0.072662353515625,-0.013254880905151367,False,True
MOT20-02,518,191191,55,131,123,candidate,0.19902527332305908,-0.020382046699523926,True,False
MOT20-02,519,191428,55,131,123,candidate,0.2232416272163391,-0.0715494155883789,True,False
MOT20-02,520,191758,55,131,123,candidate,0.22633731365203857,-0.12298262119293213,True,False
MOT20-02,531,195496,272,135,99,candidate,-0.047335684299468994,-0.11245661973953247,False,False
MOT20-02,555,204301,183,123,142,candidate,0.012565314769744873,-0.15268725156784058,True,False
MOT20-02,556,204649,55,142,123,candidate,0.010142087936401367,-0.09425622224807739,True,False
MOT20-02,583,214543,295,99,113,candidate,-0.0015171170234680176,-0.12716329097747803,False,False
MOT20-02,584,214926,295,99,113,candidate,0.011031806468963623,-0.006225228309631348,True,False
MOT20-02,586,215661,295,99,113,candidate,0.052202701568603516,-0.038629889488220215,True,False
MOT20-02,608,223857,295,99,113,candidate,0.025413870811462402,-0.12268537282943726,True,False
MOT20-02,619,228186,272,135,97,candidate,-0.05276763439178467,-0.01590174436569214,False,False
MOT20-02,633,234087,277,145,112,candidate,-0.11509436368942261,-0.11440205574035645,False,False
MOT20-02,667,248772,250,150,151,candidate,0.11328637599945068,0.0024266839027404785,True,True
MOT20-02,676,252274,183,156,158,candidate,0.061931073665618896,-0.19942200183868408,True,False
MOT20-02,682,255026,262,104,124,candidate,-0.19108080863952637,-0.10809659957885742,False,False
MOT20-02,712,267429,270,97,94,candidate,0.10858786106109619,-0.014374852180480957,True,False
MOT20-02,714,268161,271,97,135,suppressor,0.014969468116760254,-0.2252994179725647,False,True
MOT20-02,715,268674,269,126,147,candidate,-0.11392980813980103,-0.1789313554763794,False,False
MOT20-02,749,283037,274,160,156,candidate,0.06740814447402954,-0.0028648972511291504,True,False
MOT20-02,756,286213,250,150,151,candidate,0.15506631135940552,0.00791013240814209,True,True
MOT20-02,806,307104,295,99,97,candidate,-0.15003252029418945,-0.07206565141677856,False,False
MOT20-02,809,308552,251,151,150,candidate,0.0768011212348938,-0.1503172516822815,True,False
MOT20-02,830,317800,251,150,151,suppressor,-0.09656119346618652,-0.1796526312828064,True,True
MOT20-02,839,321625,177,70,115,candidate,0.07690846920013428,-0.016134798526763916,True,False
MOT20-02,840,322074,177,70,115,candidate,0.026328742504119873,-0.02791517972946167,True,False
MOT20-02,841,322505,177,70,115,candidate,0.041471511125564575,-0.02864748239517212,True,False
MOT20-02,863,332321,264,154,97,candidate,0.052804768085479736,-0.025626420974731445,True,False
MOT20-02,882,341016,55,123,156,candidate,0.07042908668518066,-0.14073950052261353,True,False
MOT20-02,890,344600,6,190,189,candidate,0.14851778745651245,-0.038967669010162354,True,False
MOT20-02,894,346679,251,151,185,candidate,-0.1286543607711792,-0.18984639644622803,False,False
MOT20-02,902,350461,250,185,151,candidate,0.17181295156478882,-0.16649800539016724,True,False
MOT20-02,934,365321,55,171,156,candidate,0.09220880270004272,-0.13314729928970337,True,False
MOT20-02,935,365729,55,171,156,candidate,0.17419803142547607,-0.0669286847114563,True,False
MOT20-02,1010,401584,279,145,144,suppressor,-0.011209189891815186,-0.05867469310760498,True,True
MOT20-02,1033,412000,177,26,221,candidate,0.04744386672973633,-0.17820584774017334,True,False
MOT20-02,1045,416802,5,177,174,candidate,-0.18547171354293823,0.02764207124710083,False,True
MOT20-02,1073,428479,3,218,219,candidate,0.028214573860168457,-0.1897990107536316,True,False
MOT20-02,1125,450580,176,169,26,candidate,-0.2547459602355957,-0.06105959415435791,False,False
MOT20-02,1139,456297,176,162,26,candidate,-0.3127680718898773,-0.12965130805969238,False,False
MOT20-02,1148,459831,25,236,232,candidate,-0.1375364065170288,-0.16289758682250977,False,False
MOT20-02,1193,478462,55,218,219,candidate,0.08485490083694458,-0.07231497764587402,True,False
MOT20-02,1203,482788,294,190,174,candidate,-0.21381253004074097,-0.0902489423751831,False,False
MOT20-02,1204,483227,294,190,174,candidate,-0.14621657133102417,-0.07723790407180786,False,False
MOT20-02,1239,496898,55,218,219,candidate,-0.013996243476867676,-0.07337230443954468,False,False
MOT20-02,1240,497003,55,218,219,candidate,-0.030168890953063965,-0.13531100749969482,False,False
MOT20-02,1241,497407,55,218,219,candidate,-0.027485251426696777,-0.1478225588798523,False,False
MOT20-02,1257,503957,55,218,219,candidate,0.030290544033050537,-0.03920578956604004,True,False
MOT20-02,1258,504350,55,218,219,candidate,0.03391534090042114,-0.07103806734085083,True,False
MOT20-02,1259,504753,55,218,219,candidate,0.0433734655380249,-0.09185218811035156,True,False
MOT20-02,1260,505144,55,218,219,candidate,0.040608346462249756,-0.10272473096847534,True,False
MOT20-02,1269,508301,33,248,246,candidate,-0.12471222877502441,-0.06569552421569824,False,False
MOT20-02,1296,519059,55,218,219,candidate,0.07494908571243286,-0.04899168014526367,True,False
MOT20-02,1319,528857,55,218,219,candidate,0.07335752248764038,-0.010415911674499512,True,False
MOT20-02,1320,529305,55,218,219,candidate,0.07689028978347778,-0.018208980560302734,True,False
MOT20-02,1321,529689,34,254,247,candidate,-0.19122835993766785,0.004306375980377197,False,True
MOT20-02,1322,530065,34,254,247,candidate,-0.21107739210128784,-0.026382744312286377,False,False
MOT20-02,1323,530600,34,254,247,candidate,-0.24587595462799072,-0.010986149311065674,False,False
MOT20-02,1323,530653,55,218,219,candidate,0.0704108476638794,-0.0018010735511779785,True,False
MOT20-02,1324,531111,55,218,219,candidate,0.07925647497177124,-0.010738372802734375,True,False
MOT20-02,1334,535868,55,218,219,candidate,0.07146525382995605,-0.06893962621688843,True,False
MOT20-02,1354,545233,13,268,258,candidate,0.12217199802398682,-0.05951184034347534,True,False
MOT20-02,1358,547003,60,265,247,candidate,0.14262735843658447,-0.019607186317443848,True,False
MOT20-02,1359,547387,60,265,247,candidate,0.11878108978271484,-0.019907355308532715,True,False
MOT20-02,1361,548326,60,247,265,suppressor,-0.020592331886291504,-0.11115878820419312,True,True
MOT20-02,1363,549269,36,247,265,candidate,0.09634488821029663,-0.017530441284179688,True,False
MOT20-02,1379,556898,33,261,253,candidate,0.07668286561965942,-0.2043401002883911,True,False
MOT20-02,1385,559865,32,270,254,candidate,0.16242551803588867,-0.027537286281585693,True,False
MOT20-02,1388,561388,32,270,254,candidate,0.15100538730621338,-0.0069029927253723145,True,False
MOT20-02,1422,578654,43,286,281,candidate,0.23986709117889404,0.07648104429244995,True,True
MOT20-02,1426,580906,55,218,219,candidate,0.07608139514923096,-0.14279288053512573,True,False
MOT20-02,1429,582510,55,218,219,candidate,0.0637311339378357,-0.17305845022201538,True,False
MOT20-02,1431,583364,61,276,277,candidate,0.0921250581741333,-0.031302034854888916,True,False
MOT20-02,1434,584981,61,276,277,candidate,0.11260443925857544,-0.0024976730346679688,True,False
MOT20-02,1451,594548,14,279,258,candidate,0.2428094744682312,-0.0013788938522338867,True,False
MOT20-02,1453,595567,55,219,218,candidate,0.02259618043899536,-0.06662231683731079,True,False
MOT20-02,1454,596141,55,219,218,candidate,0.00560528039932251,-0.1861305832862854,True,False
MOT20-02,1455,596503,39,282,277,candidate,0.06978166103363037,-0.038118183612823486,True,False
MOT20-02,1457,597634,39,282,277,candidate,0.05415743589401245,-0.03839898109436035,True,False
MOT20-02,1459,598741,39,282,277,candidate,0.07479530572891235,-0.05757850408554077,True,False
MOT20-02,1461,599867,39,282,277,candidate,0.09055638313293457,-0.03960072994232178,True,False
MOT20-02,1466,602754,39,282,277,candidate,0.04865521192550659,-0.07360798120498657,True,False
MOT20-02,1467,603338,39,282,277,candidate,0.08592653274536133,-0.034126460552215576,True,False
MOT20-02,1480,610746,39,282,277,candidate,0.03255271911621094,-0.07877373695373535,True,False
MOT20-02,1481,611308,39,282,277,candidate,0.019305109977722168,-0.12007683515548706,True,False
MOT20-02,1489,615879,62,269,281,candidate,-0.10491377115249634,-0.06173527240753174,False,False
MOT20-02,1517,631517,36,247,269,candidate,0.025860249996185303,-0.12219452857971191,True,False
MOT20-02,1533,640649,37,274,270,candidate,0.0063446760177612305,-0.009116888046264648,True,False
MOT20-02,1545,647445,37,274,261,candidate,0.13178884983062744,-0.06936979293823242,True,False
MOT20-02,1547,648564,48,290,319,candidate,0.016866326332092285,-0.017921626567840576,True,False
MOT20-02,1576,665163,70,238,239,candidate,0.09604477882385254,-0.04704403877258301,True,False
MOT20-02,1577,665434,76,328,323,suppressor,0.0626227855682373,0.035328567028045654,False,False
MOT20-02,1577,665693,70,238,239,candidate,0.12111812829971313,-0.02572786808013916,True,False
MOT20-02,1580,667553,105,301,302,candidate,0.01670372486114502,-0.031949400901794434,True,False
MOT20-02,1587,671471,105,301,302,candidate,-0.04302382469177246,0.017257213592529297,False,True
MOT20-02,1592,674090,33,290,330,suppressor,-0.04227715730667114,-0.24268239736557007,True,True
MOT20-02,1593,674676,33,330,290,candidate,0.036120831966400146,-0.12279617786407471,True,False
MOT20-02,1595,675975,36,327,319,candidate,0.032792627811431885,-0.20763766765594482,True,False
MOT20-02,1606,682284,59,234,238,candidate,-0.13831984996795654,-0.051617443561553955,False,False
MOT20-02,1607,682858,59,234,238,candidate,-0.1247326135635376,-0.04658174514770508,False,False
MOT20-02,1610,684585,59,234,238,candidate,-0.11121094226837158,-0.04818856716156006,False,False
MOT20-02,1611,685187,59,234,238,candidate,-0.13108795881271362,-0.05659276247024536,False,False
MOT20-02,1612,685761,59,234,238,candidate,-0.13509780168533325,-0.05731695890426636,False,False
MOT20-02,1625,693206,111,331,329,candidate,-0.16309517621994019,-0.0636976957321167,False,False
MOT20-02,1628,695238,111,331,329,candidate,-0.1501902937889099,-0.020871102809906006,False,False
MOT20-02,1635,699397,111,331,329,candidate,-0.23190677165985107,-0.18168389797210693,False,False
MOT20-02,1640,702629,44,287,330,candidate,-0.03740131855010986,0.09776115417480469,False,True
MOT20-02,1642,703976,42,285,349,candidate,-0.011302530765533447,-0.05367457866668701,False,False
MOT20-02,1661,716161,60,265,254,candidate,0.02109968662261963,-0.19714897871017456,True,False
MOT20-02,1680,728292,66,239,253,candidate,-0.05660313367843628,-0.18836748600006104,False,False
MOT20-02,1688,733015,43,330,349,candidate,-0.015334606170654297,0.05958634614944458,False,True
MOT20-02,1689,733650,61,330,349,suppressor,-0.042097508907318115,-0.0005409121513366699,True,True
MOT20-02,1691,735376,31,253,254,candidate,0.03584575653076172,-0.23597776889801025,True,False
MOT20-02,1720,753705,60,265,234,candidate,0.03796041011810303,-0.16370892524719238,True,False
MOT20-02,1721,754431,37,274,238,candidate,0.017944812774658203,-0.015059828758239746,True,False
MOT20-02,1728,758967,61,349,341,candidate,0.0795333981513977,-0.07086777687072754,True,False
MOT20-02,1738,765740,62,281,327,candidate,0.007555961608886719,-0.13904541730880737,True,False
MOT20-02,1739,766500,66,239,265,candidate,-0.08161383867263794,-0.06226634979248047,False,False
MOT20-02,1740,766755,74,363,359,candidate,0.06327861547470093,-0.005657553672790527,True,False
MOT20-02,1741,767847,60,265,239,candidate,0.11324566602706909,-0.018618762493133545,True,False
MOT20-02,1742,768084,79,335,345,candidate,-0.07645255327224731,-0.014712274074554443,False,False
MOT20-02,1742,768581,60,265,239,candidate,0.05413782596588135,-0.2541234493255615,True,False
MOT20-02,1743,769169,62,281,327,candidate,-0.08708882331848145,-0.10999137163162231,False,False
MOT20-02,1745,770629,62,281,327,candidate,-0.08054578304290771,-0.1202210783958435,False,False
MOT20-02,1749,773241,75,329,383,candidate,0.05455046892166138,-0.027351081371307373,True,False
MOT20-02,1750,773934,96,380,378,candidate,0.047988712787628174,-0.08907657861709595,True,False
MOT20-02,1753,775936,94,374,367,suppressor,0.09101396799087524,-0.11021357774734497,False,True
MOT20-02,1756,777984,78,359,363,candidate,0.07746899127960205,-0.02863311767578125,True,False
MOT20-02,1760,780809,75,329,383,candidate,0.022548913955688477,-0.15181195735931396,True,False
MOT20-02,1760,780987,58,231,234,candidate,-0.038405776023864746,0.009202182292938232,False,True
MOT20-02,1762,782351,58,231,234,candidate,-0.08928382396697998,-0.09836357831954956,False,False
MOT20-02,1762,782394,105,370,261,candidate,-0.032947421073913574,-0.056659698486328125,False,False
MOT20-02,1763,782999,58,231,234,candidate,-0.05681729316711426,-0.027556240558624268,False,False
MOT20-02,1764,783710,58,231,234,candidate,-0.11000224947929382,-0.12264108657836914,False,False
MOT20-02,1766,785089,34,253,254,candidate,0.0851987898349762,-0.03371244668960571,True,False
MOT20-02,1767,785738,34,253,254,candidate,0.133975088596344,-0.09833234548568726,True,False
MOT20-02,1768,786149,96,378,380,candidate,-0.00981605052947998,0.007419109344482422,False,True
MOT20-02,1772,789002,58,231,234,candidate,-0.043930888175964355,-0.03455007076263428,False,False
MOT20-02,1777,792592,105,370,261,candidate,0.020060062408447266,-0.07206231355667114,True,False
MOT20-02,1784,797169,53,362,363,candidate,-0.02272862195968628,-0.19968074560165405,False,False
MOT20-02,1788,799959,113,388,400,suppressor,0.19285538792610168,-0.0057885050773620605,False,True
MOT20-02,1790,801619,94,398,367,candidate,-0.015457391738891602,-0.2257366180419922,False,False
MOT20-02,1791,802327,86,383,329,candidate,0.02569878101348877,-0.019181013107299805,True,False
MOT20-02,1792,803038,53,362,363,candidate,-0.02722609043121338,-0.03699439764022827,False,False
MOT20-02,1792,803044,86,383,329,candidate,0.02809762954711914,-0.031039059162139893,True,False
MOT20-02,1795,805172,53,363,362,candidate,0.011187970638275146,-0.0014523863792419434,True,False
MOT20-02,1799,808251,106,261,370,candidate,0.012662410736083984,-0.012410342693328857,True,False
MOT20-02,1805,812732,56,277,292,candidate,0.013985514640808105,-0.10119974613189697,True,False
MOT20-02,1808,814367,98,395,378,candidate,0.05768167972564697,-0.015317320823669434,True,False
MOT20-02,1811,816340,98,395,378,candidate,0.06890159845352173,-0.03185325860977173,True,False
MOT20-02,1815,819429,49,328,323,suppressor,0.012098431587219238,-0.0253790020942688,False,True
MOT20-02,1817,820874,49,328,323,suppressor,-0.00919187068939209,-0.09798324108123779,True,True
MOT20-02,1818,822010,70,386,271,candidate,0.14843463897705078,-0.16662943363189697,True,False
MOT20-02,1819,822713,70,386,271,candidate,0.14899688959121704,-0.10099935531616211,True,False
MOT20-02,1833,832025,173,388,400,candidate,0.0022509098052978516,-0.012319326400756836,True,False
MOT20-02,1833,832390,70,386,402,candidate,0.13492286205291748,-0.05563056468963623,True,False
MOT20-02,1835,833800,70,386,402,candidate,0.10339146852493286,0.03515124320983887,True,True
MOT20-02,1836,834183,173,388,400,candidate,-0.028660595417022705,-0.01634007692337036,False,False
MOT20-02,1846,841543,176,26,308,candidate,0.010816574096679688,0.037604451179504395,True,True
MOT20-02,1848,842732,53,363,335,candidate,-0.05603975057601929,-0.025993406772613525,False,False
MOT20-02,1849,843604,94,380,367,candidate,0.0044928789138793945,-0.11739945411682129,True,False
MOT20-02,1854,846838,115,401,396,candidate,-0.04266810417175293,-0.03768181800842285,False,False
MOT20-02,1854,847050,86,383,323,candidate,0.15656501054763794,-0.17395401000976562,True,False
MOT20-02,1856,848429,111,329,331,candidate,0.11889243125915527,-0.0030931830406188965,True,False
MOT20-02,1869,857566,111,329,361,candidate,0.01876610517501831,-0.07513707876205444,True,False
MOT20-02,1870,858310,111,329,361,candidate,0.05365955829620361,-0.06770670413970947,True,False
MOT20-02,1871,859080,111,329,361,candidate,0.057735443115234375,-0.023636341094970703,True,False
MOT20-02,1872,860062,80,380,367,suppressor,-0.041588783264160156,-0.15534281730651855,True,True
MOT20-02,1873,860666,80,367,380,candidate,0.07031691074371338,0.012053489685058594,True,True
MOT20-02,1885,870297,94,380,367,candidate,0.0027257800102233887,-0.1578538417816162,True,False
MOT20-02,1888,872923,56,424,292,candidate,0.22257447242736816,-0.031078875064849854,True,False
MOT20-02,1890,874478,56,424,292,candidate,0.29864877462387085,0.006574809551239014,True,True
MOT20-02,1894,877354,174,433,370,candidate,0.055864810943603516,-0.08569353818893433,True,False
MOT20-02,1895,878292,56,424,292,candidate,0.2679396867752075,0.008863270282745361,True,True
MOT20-02,1897,879804,56,424,292,candidate,0.2342543601989746,-0.042021334171295166,True,False
MOT20-02,1898,880232,74,335,362,candidate,0.0014348626136779785,-0.020810842514038086,True,False
MOT20-02,1898,880581,56,424,292,candidate,0.22097694873809814,-0.03825509548187256,True,False
MOT20-02,1909,888953,56,424,292,candidate,0.13205689191818237,-0.009624958038330078,True,False
MOT20-02,1910,889697,56,424,292,candidate,0.18986308574676514,-0.01999533176422119,True,False
MOT20-02,1927,902768,76,414,383,candidate,0.0583420991897583,-0.06437206268310547,True,False
MOT20-02,1930,905461,78,359,391,candidate,-0.10892343521118164,-0.11612772941589355,False,False
MOT20-02,1933,907831,86,383,436,candidate,0.07535749673843384,-0.1439368724822998,True,False
MOT20-02,1935,909142,158,464,461,candidate,0.08838587999343872,-0.05658125877380371,True,False
MOT20-02,1937,911097,111,329,361,candidate,0.13421618938446045,-0.015403509140014648,True,False
MOT20-02,1939,912713,72,354,317,suppressor,0.14281535148620605,-0.007275283336639404,False,True
MOT20-02,1946,918681,98,395,362,candidate,0.10804492235183716,-0.19625532627105713,True,False
MOT20-02,1955,925715,158,464,473,candidate,0.14838039875030518,-0.10988843441009521,True,False
MOT20-02,1960,929877,103,476,485,candidate,0.0565643310546875,-0.12546992301940918,True,False
MOT20-02,1962,931439,103,476,485,candidate,0.07748538255691528,-0.06212055683135986,True,False
MOT20-02,1970,937801,105,459,261,candidate,0.19098973274230957,-0.03324383497238159,True,False
MOT20-02,1978,944130,86,362,475,suppressor,-0.3059006333351135,-0.20622754096984863,True,True
MOT20-02,1979,944889,86,362,475,suppressor,-0.3414875864982605,-0.14507603645324707,True,True
MOT20-02,2000,961661,86,475,335,suppressor,0.1625385284423828,-0.01952439546585083,False,True
MOT20-02,2004,964843,114,449,406,candidate,-0.09084558486938477,-0.09279292821884155,False,False
MOT20-02,2020,977729,79,496,488,candidate,0.09329980611801147,-0.01799929141998291,True,False
MOT20-02,2021,978520,98,488,496,candidate,-0.029572486877441406,-0.08290302753448486,False,False
MOT20-02,2022,979279,98,488,496,candidate,-0.01728922128677368,-0.14179468154907227,False,False
MOT20-02,2022,979312,111,329,328,candidate,0.024647295475006104,-0.12468576431274414,True,False
MOT20-02,2024,980767,79,496,488,candidate,0.1942952275276184,0.03391367197036743,True,True
MOT20-02,2024,980916,84,485,257,suppressor,0.03444790840148926,-0.03716552257537842,False,True
MOT20-02,2044,997036,111,525,329,candidate,-0.024855196475982666,0.02392268180847168,False,True
MOT20-02,2044,997464,187,310,383,candidate,-0.060601115226745605,-0.1490269899368286,False,False
MOT20-02,2053,1004242,106,261,505,candidate,-0.24749255180358887,-0.04469114542007446,False,False
MOT20-02,2055,1005972,102,505,261,candidate,0.27488067746162415,-0.017702043056488037,True,False
MOT20-02,2057,1007571,102,505,261,candidate,0.28208935260772705,-0.0070528388023376465,True,False
MOT20-02,2062,1011581,106,261,505,candidate,-0.10956299304962158,0.0018853545188903809,False,True
MOT20-02,2063,1012344,79,532,496,candidate,-0.03532618284225464,-0.06974571943283081,False,False
MOT20-02,2063,1012370,106,261,505,candidate,-0.16298896074295044,-0.026879489421844482,False,False
MOT20-02,2064,1013179,106,261,505,candidate,-0.16247248649597168,-0.005160689353942871,False,False
MOT20-02,2065,1013984,106,261,505,candidate,-0.16826105117797852,-0.020374596118927002,False,False
MOT20-02,2066,1014865,102,505,261,candidate,0.2770567238330841,0.0045580267906188965,True,True
MOT20-02,2067,1016189,106,261,505,candidate,-0.133785218000412,-0.04182153940200806,False,False
MOT20-02,2070,1017998,180,312,359,candidate,0.14973664283752441,-0.09724241495132446,True,False
MOT20-02,2071,1018803,19,370,459,candidate,0.010269105434417725,-0.03189593553543091,True,False
MOT20-02,2078,1024789,77,362,423,candidate,-0.07924634218215942,-0.024022459983825684,False,False
MOT20-02,2082,1028067,78,359,423,candidate,-0.07399320602416992,-0.03712576627731323,False,False
MOT20-02,2089,1033556,161,527,521,candidate,0.3423762917518616,-0.025884687900543213,True,False
MOT20-02,2099,1041993,79,310,335,candidate,-0.03294748067855835,-0.012696921825408936,False,False
MOT20-02,2100,1042643,119,540,26,candidate,0.41716018319129944,-0.007067203521728516,True,False
MOT20-02,2101,1043921,176,308,331,candidate,0.20477992296218872,0.07487845420837402,True,True
MOT20-02,2102,1044718,79,310,335,candidate,-0.00010001659393310547,-0.05840039253234863,False,False
MOT20-02,2111,1051703,101,471,328,candidate,0.12652462720870972,-0.16153669357299805,True,False
MOT20-02,2120,1058353,174,551,488,candidate,0.36818796396255493,0.04507565498352051,True,True
MOT20-02,2124,1061483,97,255,488,candidate,0.12042021751403809,-0.07135909795761108,True,False
MOT20-02,2136,1070298,105,459,261,candidate,0.27183184027671814,-0.07533448934555054,True,False
MOT20-02,2138,1072001,105,459,261,candidate,0.11445441842079163,-0.03472900390625,True,False
MOT20-02,2144,1076683,113,308,565,candidate,-0.07384014129638672,-0.13704133033752441,False,False
MOT20-02,2144,1076728,112,331,400,candidate,0.25462600588798523,0.0008803009986877441,True,True
MOT20-02,2150,1081041,160,566,521,candidate,0.09414023160934448,-0.022046148777008057,True,False
MOT20-02,2152,1082711,176,308,331,candidate,0.05583524703979492,-0.12863314151763916,True,False
MOT20-02,2161,1089488,78,359,568,candidate,0.08277544379234314,-0.018974900245666504,True,False
MOT20-02,2164,1091435,178,574,306,candidate,0.01656186580657959,-0.2191041111946106,True,False
MOT20-02,2191,1111078,120,572,430,candidate,0.11187827587127686,-0.10416519641876221,True,False
MOT20-02,2192,1111778,120,572,430,candidate,0.1161225438117981,-0.020168602466583252,True,False
MOT20-02,2192,1112050,174,255,567,candidate,-0.03146636486053467,-0.010961949825286865,False,False
MOT20-02,2193,1112515,120,572,430,candidate,0.12531733512878418,-0.0009838342666625977,True,False
MOT20-02,2194,1113318,108,493,406,candidate,0.006654620170593262,-0.20012319087982178,True,False
MOT20-02,2195,1114016,113,579,581,candidate,0.04530894756317139,-0.014946222305297852,True,False
MOT20-02,2197,1115452,113,579,581,candidate,0.02658247947692871,-0.028234243392944336,True,False
MOT20-02,2197,1115470,108,493,406,candidate,-0.014539778232574463,-0.21077442169189453,False,False
MOT20-02,2198,1116156,113,579,581,candidate,0.013659358024597168,0.012387394905090332,True,True
MOT20-02,2199,1116933,113,579,581,candidate,0.0002938508987426758,-0.029785513877868652,True,False
MOT20-02,2200,1117630,113,579,581,candidate,0.008402347564697266,-0.02836698293685913,True,False
MOT20-02,2201,1118138,160,521,370,candidate,-0.07889878749847412,-0.05779772996902466,False,False
MOT20-02,2202,1118829,160,521,370,candidate,-0.0863485038280487,-0.04540175199508667,False,False
MOT20-02,2205,1120996,113,579,581,candidate,-0.0356903076171875,0.015390098094940186,False,True
MOT20-02,2207,1122050,160,521,370,candidate,-0.08090823888778687,-0.028954505920410156,False,False
MOT20-02,2215,1127553,113,579,581,candidate,0.019760549068450928,-0.0015563368797302246,True,False
MOT20-02,2231,1138132,81,329,517,candidate,-0.03419739007949829,0.11890125274658203,False,True
MOT20-02,2253,1151339,115,596,589,candidate,-0.006782174110412598,-0.0015805959701538086,False,False
MOT20-02,2254,1151925,115,596,589,candidate,-0.004303693771362305,-0.018080174922943115,False,False
MOT20-02,2255,1152611,174,602,255,candidate,0.24894922971725464,-0.038340628147125244,True,False
MOT20-02,2258,1154388,174,602,255,suppressor,0.10179120302200317,-0.027121245861053467,False,True
MOT20-02,2278,1165910,174,614,255,candidate,0.20100677013397217,-0.07252758741378784,True,False
MOT20-02,2341,1200685,117,516,566,candidate,-0.03084343671798706,-0.015896081924438477,False,False
MOT20-02,2345,1202784,117,516,566,candidate,0.002832174301147461,-0.04250824451446533,True,False
MOT20-02,2362,1211389,117,626,566,candidate,-0.029827117919921875,-0.230726957321167,False,False
MOT20-02,2371,1216242,114,449,493,candidate,0.03124898672103882,-0.1123192310333252,True,False
MOT20-02,2406,1233818,108,493,449,candidate,-0.07762414216995239,-0.11214256286621094,False,False
MOT20-02,2442,1249349,109,452,629,candidate,-0.2130734920501709,-0.19553589820861816,False,False
MOT20-02,2468,1260386,110,461,471,candidate,-0.04703933000564575,0.009791791439056396,False,True
MOT20-02,2488,1268793,110,461,471,candidate,-0.08188533782958984,-0.005925953388214111,False,False
MOT20-02,2497,1272391,125,515,516,candidate,0.11858898401260376,-0.04250818490982056,True,False
MOT20-02,2500,1273849,110,461,471,candidate,-0.06474679708480835,0.03191155195236206,False,True
MOT20-02,2527,1284585,122,428,516,candidate,-0.020978569984436035,-0.014514744281768799,False,False
MOT20-02,2567,1301318,145,636,640,candidate,0.11412924528121948,-0.025916099548339844,True,False
MOT20-02,2569,1302191,145,636,640,candidate,0.12262284755706787,-0.02318739891052246,True,False
MOT20-02,2571,1302969,145,636,640,candidate,0.13319242000579834,-0.02042078971862793,True,False
MOT20-02,2572,1303378,145,636,640,candidate,0.12807512283325195,-0.026369869709014893,True,False
MOT20-02,2672,1343324,138,550,667,suppressor,-0.06725811958312988,-0.164079487323761,True,True
MOT20-03,138,102733,104,48,55,candidate,0.0818251371383667,-0.019459247589111328,True,False
MOT20-03,150,112238,87,66,42,candidate,-0.10345032811164856,-0.03187984228134155,False,False
MOT20-03,154,115165,87,66,42,candidate,-0.10474103689193726,-0.014513134956359863,False,False
MOT20-03,156,116847,87,66,42,candidate,-0.1939554214477539,-0.03215980529785156,False,False
MOT20-03,157,117450,87,66,42,candidate,-0.2817748785018921,-0.03420168161392212,False,False
MOT20-03,161,120483,87,66,42,candidate,-0.22458010911941528,-0.045108914375305176,False,False
MOT20-03,163,121946,87,66,42,candidate,-0.22930818796157837,-0.008230030536651611,False,False
MOT20-03,171,128105,87,66,42,candidate,-0.17226362228393555,-0.03575754165649414,False,False
MOT20-03,284,217744,168,120,124,candidate,0.2084801197052002,-0.03465449810028076,True,False
MOT20-03,285,218600,168,120,124,candidate,0.20855426788330078,-0.10774517059326172,True,False
MOT20-03,286,219413,168,120,124,candidate,0.22006076574325562,-0.04117387533187866,True,False
MOT20-03,297,228554,168,120,131,candidate,0.10346373915672302,-0.12087959051132202,True,False
MOT20-03,299,230212,168,120,131,candidate,0.00010120868682861328,-0.2526545524597168,True,False
MOT20-03,507,417749,193,49,86,candidate,-0.21991956233978271,-0.018734276294708252,False,False
MOT20-03,515,424803,193,49,86,candidate,-0.1175273060798645,-0.01969003677368164,False,False
MOT20-03,516,425768,193,49,86,candidate,-0.23420250415802002,-0.08360105752944946,False,False
MOT20-03,577,486531,277,131,115,candidate,0.08728015422821045,-0.027905404567718506,True,False
MOT20-03,635,547860,84,42,105,candidate,-0.20418298244476318,-0.09751993417739868,False,False
MOT20-03,934,825729,49,286,267,candidate,0.17842811346054077,-0.004814743995666504,True,False
MOT20-03,989,875080,16,246,205,suppressor,0.06108105182647705,-0.1603935956954956,False,True
MOT20-03,1013,900911,264,296,290,candidate,-0.08839565515518188,-0.13851171731948853,False,False
MOT20-03,1058,947680,282,207,185,candidate,0.3129556179046631,-0.03371959924697876,True,False
MOT20-03,1071,961221,10,186,201,candidate,-0.2729327380657196,-0.16857963800430298,False,False
MOT20-03,1099,990004,323,104,180,candidate,-0.35727405548095703,-0.204120934009552,False,False
MOT20-03,1138,1031070,428,141,202,candidate,-0.1141352653503418,-0.13281619548797607,False,False
MOT20-03,1167,1062496,325,386,144,candidate,0.2587202191352844,0.06098419427871704,True,True
MOT20-03,1317,1231749,265,297,316,candidate,-0.09927988052368164,0.02750498056411743,False,True
MOT20-03,1348,1266176,263,290,296,candidate,0.07553419470787048,-0.01541590690612793,True,False
MOT20-03,1388,1314773,263,290,296,candidate,0.22610461711883545,-0.07533657550811768,True,False
MOT20-03,1390,1317265,263,290,296,candidate,0.1872727870941162,-0.13400274515151978,True,False
MOT20-03,1402,1332664,263,290,296,candidate,0.06251299381256104,-0.040176212787628174,True,False
MOT20-03,1590,1585684,461,322,291,candidate,-0.06930869817733765,0.06378030776977539,False,True
MOT20-03,1666,1696371,392,438,467,suppressor,-0.03968530893325806,0.024050593376159668,True,False
MOT20-03,1667,1697846,392,438,467,suppressor,-0.04468035697937012,0.01167362928390503,True,False
MOT20-03,1701,1747028,408,423,362,candidate,-0.18532651662826538,-0.10846185684204102,False,False
MOT20-03,1737,1800471,592,507,502,candidate,-0.01088804006576538,-0.11971968412399292,False,False
MOT20-03,1741,1806761,379,488,444,candidate,0.04656451940536499,-0.009404897689819336,True,False
MOT20-03,1748,1816976,684,643,409,candidate,-0.13339856266975403,-0.07201766967773438,False,False
MOT20-03,1757,1829961,353,491,481,candidate,-0.11505523324012756,-0.024480879306793213,False,False
MOT20-03,1764,1841264,589,494,362,suppressor,-0.008390307426452637,-0.02194058895111084,True,True
MOT20-03,1765,1841834,589,494,362,suppressor,-0.0007358193397521973,-0.1012755036354065,True,True
MOT20-03,1767,1844910,589,362,494,suppressor,0.061364591121673584,-0.10876345634460449,False,True
MOT20-03,1781,1866451,589,362,494,suppressor,0.042839765548706055,-0.16394126415252686,False,True
MOT20-03,1787,1876486,630,656,668,candidate,0.3924992084503174,-0.007341563701629639,True,False
MOT20-03,1820,1927330,388,448,682,candidate,0.14073079824447632,-0.05655252933502197,True,False
MOT20-03,1832,1946781,548,639,642,suppressor,0.23833853006362915,-0.10318481922149658,False,True
MOT20-03,1913,2071598,628,511,668,candidate,0.08427703380584717,-0.05776923894882202,True,False
MOT20-03,1918,2080130,628,511,668,candidate,0.08597993850708008,-0.10917335748672485,True,False
MOT20-03,1921,2084894,628,511,668,candidate,0.11004185676574707,-0.09787654876708984,True,False
MOT20-03,1922,2086478,628,511,668,candidate,0.13134199380874634,-0.09706568717956543,True,False
MOT20-03,1923,2087666,628,511,668,candidate,0.1405200958251953,-0.029588818550109863,True,False
MOT20-03,1926,2092798,628,511,668,candidate,0.06185811758041382,-0.039919257164001465,True,False
MOT20-03,1948,2126945,697,477,484,candidate,-0.014551281929016113,-0.054360806941986084,False,False
MOT20-03,1952,2132977,392,722,438,candidate,0.3076052665710449,-0.19100117683410645,True,False
MOT20-03,1962,2149321,696,484,477,candidate,0.22857260704040527,-0.0260922908782959,True,False
MOT20-03,1964,2153241,696,484,477,candidate,0.3005218505859375,0.0022575855255126953,True,True
MOT20-03,1965,2154220,696,484,477,candidate,0.2719019651412964,-0.020536601543426514,True,False
MOT20-03,1970,2162184,634,584,503,candidate,-0.062452077865600586,-0.01180189847946167,False,False
MOT20-03,1976,2171802,634,584,503,candidate,-0.17139160633087158,-0.04077911376953125,False,False
MOT20-03,1985,2186051,378,489,456,candidate,0.0864986777305603,-0.16980695724487305,True,False
MOT20-03,1987,2189844,585,456,489,suppressor,-0.11945068836212158,-0.13127267360687256,True,True
MOT20-03,2007,2219009,733,728,751,suppressor,0.0043634772300720215,-0.002572298049926758,False,True
MOT20-03,2040,2267734,630,656,675,candidate,0.020442068576812744,-0.11566436290740967,True,False
MOT20-03,2083,2326897,696,484,541,candidate,-0.022108376026153564,0.01978093385696411,False,True
MOT20-03,2097,2346770,696,484,541,candidate,0.01237514615058899,-0.020435810089111328,True,False
MOT20-03,2099,2350070,244,649,588,suppressor,0.21425354480743408,-0.1590290069580078,False,True
MOT20-03,2103,2355727,244,649,588,suppressor,0.2576916217803955,-0.08818709850311279,False,True
MOT20-03,2104,2357372,243,649,588,candidate,0.3390578031539917,-0.01983642578125,True,False
MOT20-03,2105,2358581,244,649,588,candidate,0.2896274924278259,-0.04183691740036011,True,False
MOT20-03,2106,2359729,232,532,615,candidate,-0.09358072280883789,-0.12446540594100952,False,False
MOT20-03,2107,2361424,244,649,588,candidate,0.3425893187522888,-0.022241711616516113,True,False
MOT20-03,2109,2363854,650,517,509,candidate,-0.09162402153015137,-0.03752458095550537,False,False
MOT20-03,2109,2364043,232,532,615,candidate,-0.19492876529693604,-0.18160295486450195,False,False
MOT20-03,2110,2365301,650,517,509,candidate,-0.08449488878250122,-0.05676382780075073,False,False
MOT20-03,2111,2366769,650,517,509,candidate,-0.1031043529510498,-0.05453246831893921,False,False
MOT20-03,2111,2367685,157,762,793,candidate,0.2706334888935089,0.0004926323890686035,True,True
MOT20-03,2112,2368657,244,649,588,candidate,0.20467865467071533,-0.08913242816925049,True,False
MOT20-03,2113,2369688,650,517,509,candidate,-0.11490148305892944,-0.021866202354431152,False,False
MOT20-03,2114,2371877,244,649,588,candidate,0.039073169231414795,-0.03074103593826294,True,False
MOT20-03,2115,2373089,244,649,588,candidate,0.04875445365905762,-0.07759690284729004,True,False
MOT20-03,2131,2397011,243,649,588,suppressor,-0.1471276879310608,-0.1554657220840454,True,True
MOT20-03,2133,2400076,243,649,588,suppressor,-0.1237749457359314,-0.09512406587600708,True,True
MOT20-03,2134,2401899,243,649,588,suppressor,-0.08657252788543701,-0.050315260887145996,True,True
MOT20-03,2136,2404619,243,649,588,suppressor,-0.11911892890930176,-0.06662577390670776,True,True
MOT20-03,2138,2407677,243,649,588,suppressor,-0.14232486486434937,-0.13042306900024414,True,True
MOT20-03,2143,2415453,243,649,588,suppressor,-0.15121537446975708,-0.09465193748474121,True,True
MOT20-03,2167,2452206,665,503,691,candidate,-0.35236066579818726,-0.18329167366027832,False,False
MOT20-03,2184,2479073,644,700,635,suppressor,-0.08114266395568848,-0.12096595764160156,True,True
MOT20-03,2190,2489818,157,762,793,candidate,0.050649046897888184,-0.009244799613952637,True,False
MOT20-03,2192,2492920,704,476,829,candidate,-0.1185981035232544,0.09753453731536865,False,True
MOT20-03,2208,2519013,660,860,584,candidate,0.2901919186115265,-0.01989525556564331,True,False
MOT20-03,2217,2533610,642,671,572,candidate,0.21078366041183472,-0.03443711996078491,True,False
MOT20-03,2220,2537506,700,599,572,suppressor,-0.01719343662261963,-0.17888981103897095,True,True
MOT20-03,2235,2562976,635,860,882,candidate,-0.027211904525756836,-0.18753260374069214,False,False
MOT20-03,2249,2586614,629,675,656,candidate,0.05458393692970276,-0.10304123163223267,True,False
MOT20-03,2276,2631362,611,630,624,suppressor,0.12558302283287048,-0.12292671203613281,False,True
MOT20-03,2332,2724118,612,630,940,candidate,-0.2842472791671753,-0.04956585168838501,False,False
MOT20-03,2339,2736013,236,431,516,suppressor,-0.08091676235198975,-0.26307713985443115,True,True
MOT20-03,2351,2756128,236,516,431,suppressor,-0.08088773488998413,-0.17317724227905273,True,True
MOT20-03,2354,2762547,157,762,793,candidate,-0.017776072025299072,-0.0016085505485534668,False,False
MOT20-03,2357,2767680,157,762,793,candidate,-0.039277851581573486,-0.010206639766693115,False,False
MOT20-05,17,34480,554,127,134,suppressor,-0.0067948102951049805,-0.0031654834747314453,True,True
MOT20-05,18,36585,554,127,134,suppressor,-0.01387941837310791,-0.07215696573257446,True,True
MOT20-05,20,39933,383,133,96,candidate,0.1258556842803955,0.00464707612991333,True,True
MOT20-05,20,40681,554,127,134,suppressor,-0.020891666412353516,-0.07179486751556396,True,True
MOT20-05,27,54996,134,42,45,candidate,-0.09478121995925903,0.024286985397338867,False,True
MOT20-05,29,59789,317,169,66,suppressor,0.30533093214035034,-0.0821942687034607,False,True
MOT20-05,33,67738,554,127,134,suppressor,-0.0733838677406311,-0.10600894689559937,True,True
MOT20-05,41,81987,340,153,183,candidate,0.05208778381347656,-0.01694178581237793,True,False
MOT20-05,42,84756,554,134,127,candidate,0.047299206256866455,-0.1774081587791443,True,False
MOT20-05,43,85977,340,153,183,candidate,0.03679913282394409,-0.03022480010986328,True,False
MOT20-05,51,102428,555,127,134,candidate,0.007376909255981445,0.012522578239440918,True,True
MOT20-05,96,188315,235,155,34,candidate,0.26523536443710327,-0.006109178066253662,True,False
MOT20-05,116,225086,555,127,134,candidate,0.032872915267944336,-0.07730215787887573,True,False
MOT20-05,130,249588,555,127,134,candidate,0.04954040050506592,-0.014152586460113525,True,False
MOT20-05,138,263527,555,127,134,candidate,0.0061266422271728516,0.011792182922363281,True,True
MOT20-05,140,266957,555,127,134,candidate,0.019898414611816406,-0.011731863021850586,True,False
MOT20-05,141,268678,555,127,134,candidate,0.01991194486618042,-0.0018627643585205078,True,False
MOT20-05,144,273859,555,127,134,candidate,0.024074673652648926,-0.09551674127578735,True,False
MOT20-05,149,282581,555,127,134,candidate,-0.014499843120574951,-0.15391945838928223,False,False
MOT20-05,151,286116,555,127,134,candidate,-0.013788402080535889,-0.1456143856048584,False,False
MOT20-05,153,289646,555,127,134,candidate,0.04321920871734619,-0.09679067134857178,True,False
MOT20-05,158,298487,555,127,134,candidate,0.08641308546066284,-0.018398702144622803,True,False
MOT20-05,165,311543,145,315,316,candidate,0.1313304901123047,-0.11132502555847168,True,False
MOT20-05,166,311951,170,339,137,candidate,0.07826918363571167,-0.1154947280883789,True,False
MOT20-05,182,340494,1167,266,52,candidate,-0.06734251976013184,-0.01859879493713379,False,False
MOT20-05,183,342228,1167,266,52,candidate,-0.07083988189697266,-0.11581897735595703,False,False
MOT20-05,184,343986,1167,266,52,candidate,-0.08297133445739746,-0.21872711181640625,False,False
MOT20-05,202,375191,555,127,134,candidate,0.07162386178970337,-0.05330735445022583,True,False
MOT20-05,204,378619,555,127,134,candidate,0.06439465284347534,-0.025866806507110596,True,False
MOT20-05,209,387106,555,127,134,candidate,0.015495836734771729,-0.04580408334732056,True,False
MOT20-05,211,390575,555,127,134,candidate,0.02196401357650757,-0.004096925258636475,True,False
MOT20-05,212,392296,555,127,134,candidate,0.026582777500152588,-0.014795124530792236,True,False
MOT20-05,216,399182,555,127,134,candidate,0.03296315670013428,-0.014534056186676025,True,False
MOT20-05,221,407727,555,127,134,candidate,0.06439459323883057,0.007978558540344238,True,True
MOT20-05,246,451422,555,127,134,candidate,0.04131537675857544,-0.03274333477020264,True,False
MOT20-05,250,458402,555,127,134,candidate,0.04336589574813843,-0.02703857421875,True,False
MOT20-05,253,463639,555,127,134,candidate,0.046779513359069824,-0.006024718284606934,True,False
MOT20-05,254,465341,555,127,134,candidate,0.038669586181640625,-0.008987009525299072,True,False
MOT20-05,257,470578,555,127,134,candidate,0.027922332286834717,-0.03103715181350708,True,False
MOT20-05,258,472301,555,127,134,candidate,0.03462737798690796,-0.00957643985748291,True,False
MOT20-05,267,487900,555,127,134,candidate,0.03078019618988037,-0.006292283535003662,True,False
MOT20-05,269,491456,555,127,134,candidate,0.027918636798858643,-0.020665466785430908,True,False
MOT20-05,271,494913,555,127,134,candidate,0.022644519805908203,-0.011645138263702393,True,False
MOT20-05,273,498440,555,127,134,candidate,0.031861066818237305,-0.009384751319885254,True,False
MOT20-05,274,500221,555,127,134,candidate,0.04274493455886841,-0.008550584316253662,True,False
MOT20-05,275,501978,555,127,134,candidate,0.04319882392883301,-0.017552495002746582,True,False
MOT20-05,276,504138,901,38,367,candidate,0.23490512371063232,-0.15260624885559082,True,False
MOT20-05,277,505532,555,127,134,candidate,0.048860788345336914,-0.015419304370880127,True,False
MOT20-05,277,505883,901,38,367,candidate,0.25184130668640137,-0.056647539138793945,True,False
MOT20-05,278,507320,555,127,134,candidate,0.04609948396682739,-0.02357250452041626,True,False
MOT20-05,279,509081,555,127,134,candidate,0.03154200315475464,-0.040503859519958496,True,False
MOT20-05,280,510888,555,127,134,candidate,0.04453235864639282,-0.041899144649505615,True,False
MOT20-05,281,512669,555,127,134,candidate,0.027567028999328613,-0.038957297801971436,True,False
MOT20-05,282,514428,555,127,134,candidate,0.03318333625793457,-0.05285245180130005,True,False
MOT20-05,283,516211,555,127,134,candidate,0.017368435859680176,-0.03153020143508911,True,False
MOT20-05,299,544708,555,127,134,candidate,0.05033677816390991,-0.01653742790222168,True,False
MOT20-05,309,562818,555,127,134,candidate,0.06817060708999634,-0.025309741497039795,True,False
MOT20-05,313,569417,197,93,151,candidate,0.03309464454650879,-0.22595632076263428,True,False
MOT20-05,315,573655,555,127,134,candidate,0.10622668266296387,-0.004614353179931641,True,False
MOT20-05,316,574895,197,151,93,suppressor,-0.010183334350585938,-0.22904276847839355,True,True
MOT20-05,316,575508,555,127,134,candidate,0.09992349147796631,-0.041020095348358154,True,False
MOT20-05,317,577336,555,127,134,candidate,0.09793436527252197,-0.07348740100860596,True,False
MOT20-05,318,579196,555,127,134,candidate,0.09925699234008789,-0.034898996353149414,True,False
MOT20-05,323,588624,49,279,288,candidate,-0.06483644247055054,-0.15828001499176025,False,False
MOT20-05,325,592143,554,134,127,candidate,0.08104199171066284,-0.016438186168670654,True,False
MOT20-05,334,608433,554,134,127,candidate,0.12047934532165527,-0.03240841627120972,True,False
MOT20-05,335,610213,554,134,127,candidate,0.11656850576400757,-0.012820243835449219,True,False
MOT20-05,336,612046,554,134,127,candidate,0.12462383508682251,-0.009687721729278564,True,False
MOT20-05,351,638363,243,40,68,candidate,0.051451802253723145,-0.02712792158126831,True,False
MOT20-05,352,639707,243,40,68,candidate,0.08023262023925781,-0.04168742895126343,True,False
MOT20-05,363,660931,49,279,288,candidate,-0.05968642234802246,-0.13589119911193848,False,False
MOT20-05,376,684131,1167,445,238,candidate,0.17374807596206665,-0.02645576000213623,True,False
MOT20-05,376,684629,26,290,444,suppressor,-0.10594606399536133,-0.1272721290588379,True,True
MOT20-05,379,689601,1167,445,238,candidate,-0.07834911346435547,-0.21880531311035156,False,False
MOT20-05,383,697416,26,290,444,suppressor,-0.0902058482170105,-0.007668673992156982,True,True
MOT20-05,392,712460,194,261,24,suppressor,-0.13289660215377808,-0.09329348802566528,True,True
MOT20-05,394,716267,170,408,450,candidate,-0.029038429260253906,0.007131457328796387,False,True
MOT20-05,395,718529,128,114,262,candidate,-0.10351234674453735,-0.2257804274559021,False,False
MOT20-05,395,718569,170,408,450,candidate,-0.05584841966629028,-0.14379388093948364,False,False
MOT20-05,396,720315,170,408,450,suppressor,-0.020003199577331543,-0.14651250839233398,True,True
MOT20-05,398,723410,170,408,450,candidate,-0.03363692760467529,0.06921780109405518,False,True
MOT20-05,399,725204,170,408,450,candidate,-0.062276244163513184,-0.036110758781433105,False,False
MOT20-05,403,733166,555,127,134,candidate,0.0073798298835754395,-0.01885288953781128,True,False
MOT20-05,414,752601,555,127,134,candidate,-0.04208105802536011,-0.01153188943862915,False,False
MOT20-05,419,761347,1042,52,20,suppressor,0.0782347321510315,-0.2588159441947937,False,True
MOT20-05,432,783529,222,17,276,suppressor,-0.0503886342048645,-0.09052485227584839,True,True
MOT20-05,435,789203,555,127,134,candidate,0.011232197284698486,-0.012706279754638672,True,False
MOT20-05,442,802534,555,127,134,candidate,0.009839415550231934,-0.09604740142822266,True,False
MOT20-05,465,841489,171,148,191,candidate,0.2279874086380005,-0.020169317722320557,True,False
MOT20-05,465,842281,173,316,321,candidate,0.004858940839767456,-0.14715856313705444,True,False
MOT20-05,466,843984,173,316,321,candidate,-0.004422903060913086,-0.13487213850021362,False,False
MOT20-05,467,845692,173,316,321,candidate,0.015367060899734497,-0.02757859230041504,True,False
MOT20-05,474,857286,234,166,454,candidate,-0.018365859985351562,-0.05116182565689087,False,False
MOT20-05,477,863114,1123,141,83,candidate,0.03692328929901123,-0.06306010484695435,True,False
MOT20-05,478,864785,1123,141,83,candidate,0.04855227470397949,-0.02141273021697998,True,False
MOT20-05,479,866530,1123,141,83,candidate,0.045221924781799316,-0.06572610139846802,True,False
MOT20-05,480,868205,1123,141,83,candidate,0.05690741539001465,-0.07321006059646606,True,False
MOT20-05,481,869094,1123,141,83,candidate,0.0687251091003418,-0.029552161693572998,True,False
MOT20-05,482,871653,1123,141,83,candidate,0.05609333515167236,-0.09785670042037964,True,False
MOT20-05,483,873379,1123,141,83,candidate,0.052985429763793945,-0.04230391979217529,True,False
MOT20-05,484,875036,1123,141,83,candidate,0.05607199668884277,-0.006921112537384033,True,False
MOT20-05,485,876846,1123,141,83,candidate,0.07104015350341797,-0.03222489356994629,True,False
MOT20-05,486,878641,1123,141,83,candidate,0.0569269061088562,-0.027982592582702637,True,False
MOT20-05,487,880312,1123,141,83,candidate,0.07304155826568604,-0.0226210355758667,True,False
MOT20-05,488,882040,1123,141,83,candidate,0.06951600313186646,-0.0356823205947876,True,False
MOT20-05,489,883733,1123,141,83,candidate,0.11625313758850098,-0.006898462772369385,True,False
MOT20-05,491,887316,1123,141,83,candidate,0.09228026866912842,-0.006818532943725586,True,False
MOT20-05,492,888094,170,408,462,candidate,0.10904854536056519,-0.029727637767791748,True,False
MOT20-05,492,889044,1123,141,83,candidate,0.0863068699836731,-0.014474332332611084,True,False
MOT20-05,493,889900,170,408,462,candidate,0.06293541193008423,-0.09553205966949463,True,False
MOT20-05,495,894372,1123,141,83,candidate,0.08701610565185547,-0.018907546997070312,True,False
MOT20-05,497,897948,1123,141,83,candidate,0.06834769248962402,-0.06360328197479248,True,False
MOT20-05,498,899275,170,408,462,candidate,0.14940088987350464,0.13992154598236084,True,True
MOT20-05,500,903240,1123,141,83,candidate,0.06533241271972656,-0.1368592381477356,True,False
MOT20-05,501,904778,173,316,321,candidate,0.1105847954750061,-0.010407090187072754,True,False
MOT20-05,504,909270,170,408,462,candidate,0.11122047901153564,0.13101911544799805,True,True
MOT20-05,520,937259,183,166,234,candidate,-0.028225064277648926,0.19638341665267944,False,True
MOT20-05,556,999639,172,191,148,candidate,-0.04616892337799072,-0.23815757036209106,False,False
MOT20-05,568,1020912,555,127,134,candidate,-0.0008350610733032227,-0.08420580625534058,False,False
MOT20-05,569,1022605,555,127,134,candidate,0.009266436100006104,-0.08737176656723022,True,False
MOT20-05,604,1082708,169,113,462,suppressor,-0.10772943496704102,-0.02929818630218506,True,True
MOT20-05,616,1104085,42,537,521,candidate,0.0006568431854248047,0.0009353160858154297,True,True
MOT20-05,631,1130726,1123,141,83,candidate,-0.04866683483123779,-0.03171086311340332,False,False
MOT20-05,640,1146556,1123,141,83,candidate,-0.07712894678115845,-0.16561579704284668,False,False
MOT20-05,644,1153203,51,273,289,candidate,-0.20643267035484314,-0.04092228412628174,False,False
MOT20-05,651,1165899,1123,141,83,candidate,-0.05758178234100342,-0.028527915477752686,False,False
MOT20-05,652,1167491,512,34,116,candidate,0.1105649471282959,-0.02516186237335205,True,False
MOT20-05,652,1167665,1123,141,83,candidate,-0.05116164684295654,-0.03796809911727905,False,False
MOT20-05,653,1169159,91,384,595,candidate,-0.040260374546051025,0.0933685302734375,False,True
MOT20-05,653,1169434,1123,141,83,candidate,-0.05390900373458862,-0.013019859790802002,False,False
MOT20-05,656,1174731,1123,141,83,candidate,0.003621399402618408,-0.006936132907867432,True,False
MOT20-05,656,1175197,1182,588,607,candidate,0.28366804122924805,-0.17051076889038086,True,False
MOT20-05,659,1179206,69,537,609,suppressor,-0.12742000818252563,-0.25078725814819336,True,True
MOT20-05,666,1191288,42,521,537,suppressor,0.027359068393707275,-0.11244076490402222,False,True
MOT20-05,670,1198325,1123,141,83,candidate,-0.01373976469039917,-0.02534794807434082,False,False
MOT20-05,687,1228024,26,499,287,candidate,0.024613499641418457,-0.07976561784744263,True,False
MOT20-05,708,1264643,173,384,321,candidate,-0.28038719296455383,-0.08058100938796997,False,False
MOT20-05,717,1280486,76,382,439,suppressor,-0.01894092559814453,-0.17404943704605103,True,True
MOT20-05,721,1286844,1039,653,286,candidate,0.18711209297180176,-0.07120800018310547,True,False
MOT20-05,722,1288556,1039,653,286,candidate,0.18394756317138672,-0.09435522556304932,True,False
MOT20-05,729,1300356,1039,653,286,candidate,0.1424807906150818,-0.13849687576293945,True,False
MOT20-05,730,1302073,1039,653,286,candidate,0.14989137649536133,-0.1304437518119812,True,False
MOT20-05,738,1315747,1039,653,286,candidate,0.09619814157485962,-0.13511383533477783,True,False
MOT20-05,741,1320870,1039,653,286,candidate,0.09179461002349854,-0.1672598123550415,True,False
MOT20-05,777,1383134,1162,409,413,candidate,-0.07757031917572021,-0.051023125648498535,False,False
MOT20-05,783,1392772,51,273,595,candidate,-0.20223450660705566,-0.03225839138031006,False,False
MOT20-05,786,1398190,49,279,288,candidate,0.01832526922225952,-0.03147631883621216,True,False
MOT20-05,792,1408360,49,279,288,candidate,0.09433841705322266,-0.028673112392425537,True,False
MOT20-05,793,1410003,49,279,288,candidate,0.14036285877227783,-0.04581242799758911,True,False
MOT20-05,794,1411302,49,279,288,candidate,0.10065525770187378,-0.027055442333221436,True,False
MOT20-05,794,1411792,51,273,595,candidate,-0.16466134786605835,-0.067649245262146,False,False
MOT20-05,817,1452825,554,134,127,candidate,0.026925384998321533,-0.09277790784835815,True,False
MOT20-05,827,1469978,88,737,499,candidate,0.24242854118347168,-0.050870299339294434,True,False
MOT20-05,833,1480393,1167,286,20,candidate,-0.1602368950843811,-0.029917895793914795,False,False
MOT20-05,834,1482168,1167,286,20,candidate,-0.16043245792388916,-0.026786208152770996,False,False
MOT20-05,859,1527627,87,361,595,candidate,0.2545003890991211,0.05723637342453003,True,True
MOT20-05,885,1576698,49,279,288,candidate,0.05505138635635376,-0.04231780767440796,True,False
MOT20-05,886,1578599,49,279,288,candidate,0.05705839395523071,-0.048306047916412354,True,False
MOT20-05,887,1580528,49,279,288,candidate,0.06294602155685425,-0.032302260398864746,True,False
MOT20-05,888,1582408,49,279,288,candidate,0.04095655679702759,-0.052661895751953125,True,False
MOT20-05,889,1584318,49,279,288,candidate,0.0442579984664917,-0.060080528259277344,True,False
MOT20-05,889,1584410,75,759,730,candidate,-0.029087841510772705,-0.20103120803833008,False,False
MOT20-05,890,1586266,49,279,288,candidate,0.07199487090110779,-0.04161560535430908,True,False
MOT20-05,891,1588178,49,279,288,candidate,0.0776371955871582,-0.019766628742218018,True,False
MOT20-05,893,1592176,75,759,730,candidate,-0.036064982414245605,-0.15618687868118286,False,False
MOT20-05,900,1605964,53,334,795,candidate,0.06823378801345825,-0.23200732469558716,True,False
MOT20-05,902,1609874,54,747,383,candidate,0.06932693719863892,-0.17810958623886108,True,False
MOT20-05,912,1629809,76,801,698,suppressor,0.27045702934265137,-0.02386760711669922,False,True
MOT20-05,914,1634509,75,698,730,suppressor,-0.15678554773330688,-0.18597078323364258,True,True
MOT20-05,938,1682473,35,796,711,candidate,-0.10443240404129028,0.03500652313232422,False,True
MOT20-05,939,1684293,75,730,821,candidate,0.1303609013557434,0.04793381690979004,True,True
MOT20-05,959,1723607,1165,640,711,candidate,-0.01134347915649414,-0.10988384485244751,False,False
MOT20-05,960,1726687,1036,120,101,candidate,-0.02717280387878418,-0.2013760209083557,False,False
MOT20-05,965,1735725,52,496,334,candidate,0.0018085837364196777,-0.07724857330322266,True,False
MOT20-05,983,1770195,65,595,818,candidate,-0.15136593580245972,-0.19253486394882202,False,False
MOT20-05,986,1776041,65,818,595,suppressor,0.1905977725982666,-0.1926327347755432,False,True
MOT20-05,999,1801508,1185,836,53,candidate,0.11682546138763428,-0.02735203504562378,True,False
MOT20-05,1001,1805991,1059,3,583,candidate,0.020329952239990234,-0.1566419005393982,True,False
MOT20-05,1033,1867862,1060,583,3,candidate,0.25035834312438965,-0.070201575756073,True,False
MOT20-05,1037,1874640,1060,583,3,candidate,0.21170610189437866,-0.01586049795150757,True,False
MOT20-05,1040,1879339,87,871,334,candidate,0.08701121807098389,-0.021348178386688232,True,False
MOT20-05,1056,1909924,1059,3,583,candidate,0.048219919204711914,-0.02291041612625122,True,False
MOT20-05,1067,1930446,1036,120,101,candidate,0.06003814935684204,-0.2337622046470642,True,False
MOT20-05,1085,1962719,1162,409,413,candidate,-0.05777466297149658,0.005252540111541748,False,True
MOT20-05,1086,1965085,1162,409,413,candidate,-0.060131072998046875,-0.01563483476638794,False,False
MOT20-05,1087,1966937,1162,409,413,candidate,-0.061957716941833496,-0.033887386322021484,False,False
MOT20-05,1093,1978151,1162,409,413,candidate,-0.03824275732040405,0.014569461345672607,False,True
MOT20-05,1095,1981343,1162,409,413,candidate,-0.022685348987579346,-0.03791987895965576,False,False
MOT20-05,1096,1984217,1036,120,101,candidate,0.06452524662017822,-0.039023399353027344,True,False
MOT20-05,1097,1986066,1036,120,101,candidate,0.04137450456619263,-0.10758310556411743,True,False
MOT20-05,1098,1987911,1036,120,101,candidate,0.038033366203308105,-0.006993353366851807,True,False
MOT20-05,1099,1989759,1036,120,101,candidate,0.035466015338897705,-0.011577904224395752,True,False
MOT20-05,1102,1994813,1162,409,413,candidate,-0.014116466045379639,-0.016479134559631348,False,False
MOT20-05,1103,1996607,1211,734,906,candidate,-0.23179519176483154,-0.004465579986572266,False,False
MOT20-05,1107,2004479,1036,120,101,candidate,-0.01612699031829834,0.0034403204917907715,False,True
MOT20-05,1109,2008274,1036,120,101,candidate,-0.0024559497833251953,-0.013518154621124268,False,False
MOT20-05,1110,2010174,1036,120,101,candidate,0.002234339714050293,-0.03070986270904541,True,False
MOT20-05,1111,2012049,1036,120,101,candidate,-0.007906734943389893,-0.02131831645965576,False,False
MOT20-05,1112,2013907,1036,120,101,candidate,0.0010059475898742676,-0.04343384504318237,True,False
MOT20-05,1114,2017280,766,282,694,suppressor,-0.0832681655883789,-0.15384352207183838,True,True
MOT20-05,1114,2017555,1036,120,101,suppressor,0.023803114891052246,-0.04537421464920044,False,True
MOT20-05,1115,2018889,1044,762,784,candidate,0.09412890672683716,-0.011187314987182617,True,False
MOT20-05,1117,2022373,1176,843,615,suppressor,0.10624593496322632,-0.06997936964035034,False,True
MOT20-05,1118,2023668,1176,843,615,suppressor,0.09144866466522217,-0.019700467586517334,False,True
MOT20-05,1121,2030261,884,490,933,candidate,0.07189098000526428,-0.169408917427063,True,False
MOT20-05,1124,2035729,884,490,933,candidate,0.10570013523101807,-0.06314849853515625,True,False
MOT20-05,1125,2036344,1165,843,615,candidate,0.11377191543579102,-0.017743468284606934,True,False
MOT20-05,1125,2036646,884,490,933,candidate,0.0743391215801239,-0.04949694871902466,True,False
MOT20-05,1126,2038194,1176,843,615,suppressor,0.09692299365997314,-0.04247403144836426,False,True
MOT20-05,1130,2046639,979,743,799,candidate,-0.27594223618507385,-0.007741689682006836,False,False
MOT20-05,1131,2048453,979,743,799,candidate,-0.28086596727371216,-0.028229475021362305,False,False
MOT20-05,1132,2050341,979,743,799,candidate,-0.34097951650619507,-0.03697621822357178,False,False
MOT20-05,1133,2052121,979,743,799,candidate,-0.3168880343437195,-0.03259390592575073,False,False
MOT20-05,1135,2055708,979,743,799,candidate,-0.3269469141960144,-0.03367304801940918,False,False
MOT20-05,1136,2057515,979,743,799,candidate,-0.33954259753227234,-0.015106499195098877,False,False
MOT20-05,1140,2064824,979,743,799,candidate,-0.4147176444530487,-0.04621225595474243,False,False
MOT20-05,1143,2070364,979,743,799,candidate,-0.30534136295318604,-0.023318827152252197,False,False
MOT20-05,1144,2071464,1145,921,911,candidate,-0.0067288875579833984,-0.07779473066329956,False,False
MOT20-05,1144,2072137,979,743,799,candidate,-0.36013805866241455,-0.028305768966674805,False,False
MOT20-05,1149,2081275,979,743,799,candidate,-0.17732208967208862,-0.02965766191482544,False,False
MOT20-05,1150,2083119,979,743,799,candidate,-0.21810030937194824,-0.025060176849365234,False,False
MOT20-05,1151,2084920,979,743,799,candidate,-0.26522213220596313,-0.03118264675140381,False,False
MOT20-05,1152,2086726,979,743,799,candidate,-0.11122137308120728,-0.11137950420379639,False,False
MOT20-05,1153,2088613,979,743,799,candidate,-0.18159890174865723,-0.06583309173583984,False,False
MOT20-05,1154,2090408,979,743,799,candidate,-0.26988112926483154,-0.013097703456878662,False,False
MOT20-05,1155,2092262,979,743,799,candidate,-0.3547974228858948,-0.013076424598693848,False,False
MOT20-05,1156,2094104,979,743,799,candidate,-0.21670395135879517,-0.052124083042144775,False,False
MOT20-05,1207,2187036,1159,607,1010,candidate,-0.13040536642074585,-0.11890989542007446,False,False
MOT20-05,1209,2191087,1159,607,1010,suppressor,-0.15388822555541992,-0.12418437004089355,True,True
MOT20-05,1219,2208831,933,904,461,candidate,-0.022633016109466553,-0.02995997667312622,False,False
MOT20-05,1219,2209725,1041,935,682,candidate,-0.05950838327407837,-0.0894349217414856,False,False
MOT20-05,1220,2211538,675,63,20,candidate,0.2196776568889618,-0.07866621017456055,True,False
MOT20-05,1235,2238704,1150,967,990,candidate,-0.007907509803771973,-0.0049100518226623535,False,False
MOT20-05,1243,2253555,997,782,1002,candidate,0.012143492698669434,-0.14442163705825806,True,False
MOT20-05,1257,2280052,642,602,846,candidate,0.058925747871398926,-0.002071201801300049,True,False
MOT20-05,1259,2283756,512,34,116,candidate,0.08036431670188904,-0.0791359543800354,True,False
MOT20-05,1260,2286090,535,101,33,candidate,0.06950706243515015,-0.014554440975189209,True,False
MOT20-05,1261,2287949,535,101,33,candidate,0.061623454093933105,-0.037362754344940186,True,False
MOT20-05,1263,2291645,535,101,33,candidate,0.08791810274124146,-0.016301095485687256,True,False
MOT20-05,1264,2293503,535,101,33,candidate,0.0776168704032898,-0.008429229259490967,True,False
MOT20-05,1269,2302012,1045,1044,762,candidate,0.17294085025787354,-0.048322319984436035,True,False
MOT20-05,1272,2307930,1009,1060,1056,candidate,0.10170352458953857,-0.13456648588180542,True,False
MOT20-05,1276,2314879,983,1051,743,candidate,-0.10270774364471436,-0.041862547397613525,False,False
MOT20-05,1280,2321940,512,34,116,candidate,0.027514934539794922,-0.0004845857620239258,True,False
MOT20-05,1283,2326777,1045,1044,762,candidate,0.12894928455352783,-0.026608288288116455,True,False
MOT20-05,1283,2327687,912,681,1004,suppressor,0.2828909754753113,-0.025584042072296143,False,True
MOT20-05,1284,2328967,1045,1044,762,candidate,0.143324613571167,-0.0023758411407470703,True,False
MOT20-05,1285,2330828,1045,1044,762,candidate,0.15123730897903442,-0.037338972091674805,True,False
MOT20-05,1285,2330874,513,116,34,candidate,-0.06389445066452026,-0.003909170627593994,False,False
MOT20-05,1286,2332599,1045,1044,762,candidate,0.1423705816268921,-0.03615009784698486,True,False
MOT20-05,1286,2332666,513,116,34,candidate,-0.04594540596008301,-0.04105502367019653,False,False
MOT20-05,1287,2334376,1045,1044,762,candidate,0.10617232322692871,-0.0010675787925720215,True,False
MOT20-05,1294,2346410,1181,1071,1057,suppressor,-0.2537841796875,-0.21933501958847046,True,True
MOT20-05,1346,2439237,884,490,507,candidate,-0.14962953329086304,-0.1344812512397766,False,False
MOT20-05,1348,2442727,884,490,507,candidate,-0.08995386958122253,-0.10353326797485352,False,False
MOT20-05,1359,2461498,1051,1094,1096,candidate,0.10276302695274353,-0.03323686122894287,True,False
MOT20-05,1367,2475681,979,743,1051,candidate,0.10782647132873535,-0.13229745626449585,True,False
MOT20-05,1378,2494690,1077,409,762,candidate,-0.18704020977020264,-0.039189159870147705,False,False
MOT20-05,1388,2513233,793,722,694,candidate,0.02547287940979004,-0.11111074686050415,True,False
MOT20-05,1408,2548000,1009,1060,1056,candidate,-0.004689276218414307,-0.01960909366607666,False,False
MOT20-05,1412,2555202,1009,1060,1056,candidate,-0.025000929832458496,-0.05343347787857056,False,False
MOT20-05,1414,2558105,1135,962,996,candidate,-0.03551405668258667,0.016946136951446533,False,True
MOT20-05,1421,2570675,1002,744,848,candidate,0.02168858051300049,-0.03633701801300049,True,False
MOT20-05,1432,2590385,962,1139,744,candidate,0.12204563617706299,0.003913402557373047,True,True
MOT20-05,1434,2593981,962,1139,744,candidate,0.20481237769126892,-0.017179906368255615,True,False
MOT20-05,1441,2606613,962,1139,744,candidate,0.18530380725860596,-0.0007778406143188477,True,False
MOT20-05,1444,2611592,962,1139,744,candidate,0.15991538763046265,-0.010620474815368652,True,False
MOT20-05,1448,2619021,962,1139,744,candidate,0.14464539289474487,-0.04510033130645752,True,False
MOT20-05,1459,2638766,936,946,1134,suppressor,0.010280847549438477,-0.14896035194396973,False,True
MOT20-05,1497,2704991,1085,881,918,candidate,0.044231534004211426,0.003382086753845215,True,True
MOT20-05,1516,2738896,424,138,123,candidate,0.10913559794425964,-0.010951817035675049,True,False
MOT20-05,1528,2761254,642,602,1060,candidate,0.03539848327636719,-0.014253318309783936,True,False
MOT20-05,1534,2771747,1096,1203,1148,candidate,0.011290311813354492,0.009878754615783691,True,True
MOT20-05,1547,2795126,1101,1096,1094,candidate,0.16410338878631592,0.0625373125076294,True,True
MOT20-05,1558,2814854,1102,1083,1085,candidate,-0.010390162467956543,-0.02866339683532715,False,False
MOT20-05,1561,2820820,1102,1083,1085,candidate,-0.04009592533111572,-0.01806163787841797,False,False
MOT20-05,1569,2836482,424,138,123,candidate,0.12353971600532532,-0.11206251382827759,True,False
MOT20-05,1570,2837459,424,138,123,candidate,0.13124781847000122,-0.04355287551879883,True,False
MOT20-05,1571,2839325,424,138,123,candidate,0.11246263980865479,-0.07807397842407227,True,False
MOT20-05,1579,2854127,424,138,123,candidate,-0.22859764099121094,-0.025221645832061768,False,False
MOT20-05,1581,2857050,1101,1094,1096,suppressor,-0.11786282062530518,-0.0874631404876709,True,True
MOT20-05,1604,2901467,508,1184,1199,candidate,0.10507798194885254,-0.10258406400680542,True,False
MOT20-05,1605,2903372,508,1184,1199,candidate,0.06400996446609497,-0.08373624086380005,True,False
MOT20-05,1606,2905269,508,1184,1199,candidate,0.09340077638626099,-0.09804123640060425,True,False
MOT20-05,1609,2910995,508,1184,1199,candidate,0.08043414354324341,-0.0989375114440918,True,False
MOT20-05,1618,2928119,415,1211,1223,candidate,0.010490000247955322,-0.011437833309173584,True,False
MOT20-05,1621,2932865,1051,1094,1096,candidate,-0.11212426424026489,-0.035597383975982666,False,False
MOT20-05,1621,2933846,508,1184,1199,candidate,0.055813491344451904,-0.12420165538787842,True,False
MOT20-05,1622,2935806,415,1211,1223,candidate,0.055450260639190674,-0.1153864860534668,True,False
MOT20-05,1634,2958026,1051,1094,1096,candidate,-0.04944729804992676,-0.13880693912506104,False,False
MOT20-05,1652,2993351,999,1180,1148,candidate,0.182137131690979,-0.01589179039001465,True,False
MOT20-05,1653,2995351,999,1180,1148,candidate,0.18868416547775269,-0.013280093669891357,True,False
MOT20-05,1654,2998105,574,1045,1262,candidate,-0.06524178385734558,-0.03671687841415405,False,False
MOT20-05,1655,3000090,574,1045,1262,candidate,-0.036373913288116455,0.0031685829162597656,False,True
MOT20-05,1667,3023187,999,1290,1148,candidate,-0.05137062072753906,-0.13852381706237793,False,False
MOT20-05,1669,3027322,956,981,1001,candidate,0.024934709072113037,-0.1082044243812561,True,False
MOT20-05,1684,3058067,792,905,1267,candidate,-0.23874369263648987,-0.020163238048553467,False,False
MOT20-05,1704,3096951,990,1182,1167,candidate,0.09490638971328735,0.1334356665611267,True,True
MOT20-05,1719,3126505,574,1045,1262,candidate,-0.13492217659950256,-0.03527909517288208,False,False
MOT20-05,1724,3136164,814,842,1164,candidate,-0.11008897423744202,0.007354140281677246,False,True
MOT20-05,1748,3181747,958,986,1001,candidate,0.14614790678024292,-0.08275938034057617,True,False
MOT20-05,1755,3195981,1013,1119,1063,candidate,0.0704999566078186,-0.10555851459503174,True,False
MOT20-05,1758,3200747,962,972,1139,suppressor,0.03578382730484009,-0.15056973695755005,False,True
MOT20-05,1766,3216342,983,1051,1344,candidate,-0.10132530331611633,-0.08013969659805298,False,False
MOT20-05,1811,3303299,403,1193,1,candidate,-0.04225420951843262,-0.024586617946624756,False,False
MOT20-05,1815,3311190,403,1193,1,candidate,-0.018447279930114746,-0.006413578987121582,False,False
MOT20-05,1817,3315152,403,1193,1,candidate,-0.009632885456085205,-0.014137446880340576,False,False
MOT20-05,1818,3317143,403,1193,1,candidate,0.005120038986206055,-0.01391535997390747,True,False
MOT20-05,1822,3325205,403,1193,1,candidate,0.05181533098220825,-0.014542579650878906,True,False
MOT20-05,1824,3329133,403,1193,1,candidate,-0.018271267414093018,-0.013969361782073975,False,False
MOT20-05,1848,3376327,552,1341,1391,candidate,-0.09496736526489258,-0.17289841175079346,False,False
MOT20-05,1854,3388183,478,1109,1115,candidate,-0.06585097312927246,0.009194493293762207,False,True
MOT20-05,1866,3412276,544,1352,63,candidate,-0.09473061561584473,-0.017895519733428955,False,False
MOT20-05,1898,3474686,1010,1342,1304,candidate,0.026708900928497314,-0.010084092617034912,True,False
MOT20-05,1906,3489717,466,1312,1115,candidate,-0.06962621212005615,-0.037597060203552246,False,False
MOT20-05,1932,3537779,1011,1093,1078,candidate,-0.025746285915374756,-0.04961603879928589,False,False
MOT20-05,1936,3546657,539,1410,1413,candidate,0.214727520942688,-0.05903792381286621,True,False
MOT20-05,1940,3552643,1011,1078,1093,suppressor,-0.1635952591896057,-0.17686861753463745,True,True
MOT20-05,1944,3561699,539,1410,1413,candidate,0.1490001082420349,-0.12175160646438599,True,False
MOT20-05,1947,3566538,947,1277,1255,candidate,-0.16424554586410522,-0.13343048095703125,False,False
MOT20-05,1949,3571069,541,1421,1413,candidate,0.026519775390625,-0.16577017307281494,True,False
MOT20-05,1981,3630221,1012,1359,57,candidate,0.08100008964538574,-0.03522711992263794,True,False
MOT20-05,1982,3632784,535,101,19,candidate,0.022037506103515625,0.0030471086502075195,True,True
MOT20-05,1983,3634673,535,101,19,candidate,0.0037866830825805664,-0.005162477493286133,True,False
MOT20-05,1988,3642643,944,1229,1192,candidate,-0.13827407360076904,-0.11586648225784302,False,False
MOT20-05,1995,3655419,947,1192,1267,suppressor,-0.18888044357299805,-0.23236501216888428,True,True
MOT20-05,1996,3657140,1012,1359,57,candidate,0.14937469363212585,0.018720149993896484,True,True
MOT20-05,1997,3659066,947,1277,1267,candidate,0.021094560623168945,-0.010181128978729248,True,False
MOT20-05,1998,3661369,478,1312,1113,candidate,-0.06830674409866333,-0.0078095197677612305,False,False
MOT20-05,1998,3661371,947,1277,1267,candidate,0.015285313129425049,-0.01848369836807251,True,False
MOT20-05,1999,3663173,478,1312,1113,candidate,-0.056672751903533936,-0.02293109893798828,False,False
MOT20-05,2006,3675750,791,913,883,candidate,0.12723255157470703,-0.05051898956298828,True,False
MOT20-05,2008,3678883,1012,57,1496,candidate,-0.2906621992588043,-0.04293090105056763,False,False
MOT20-05,2012,3686083,1012,57,1496,candidate,-0.41108179092407227,-0.1469724178314209,False,False
MOT20-05,2014,3690325,1020,1321,1343,candidate,-0.04169869422912598,0.15581119060516357,False,True
MOT20-05,2019,3699249,791,913,883,candidate,0.08822649717330933,-0.030553996562957764,True,False
MOT20-05,2029,3716952,791,913,883,candidate,0.060361504554748535,-0.02873241901397705,True,False
MOT20-05,2062,3774777,791,913,883,candidate,0.10126614570617676,-0.02640843391418457,True,False
MOT20-05,2125,3885854,555,127,134,candidate,-0.033347487449645996,-0.13274377584457397,False,False
MOT20-05,2133,3899872,574,1045,1262,candidate,0.14077773690223694,-0.04113304615020752,True,False
MOT20-05,2134,3901660,574,1045,1262,candidate,0.11591389775276184,-0.048312604427337646,True,False
MOT20-05,2154,3937346,535,105,101,suppressor,0.0046460628509521484,-0.2460816502571106,False,True
MOT20-05,2155,3938555,555,127,134,candidate,0.018515825271606445,-0.08940452337265015,True,False
MOT20-05,2157,3941299,886,1498,1517,candidate,-0.16824448108673096,0.1629025936126709,False,True
MOT20-05,2157,3942111,555,127,134,candidate,0.016363918781280518,-0.07886242866516113,True,False
MOT20-05,2159,3946024,392,1527,1547,candidate,0.0403936505317688,-0.005637049674987793,True,False
MOT20-05,2167,3960190,554,134,127,candidate,-0.024451017379760742,-0.05532628297805786,False,False
MOT20-05,2168,3961920,540,1413,1490,candidate,-0.18320652842521667,-0.23421120643615723,False,False
MOT20-05,2208,4030159,433,5,120,candidate,-0.02002161741256714,0.009730219841003418,False,True
MOT20-05,2221,4052825,444,1467,1468,candidate,0.06922364234924316,-0.08724462985992432,True,False
MOT20-05,2225,4059725,444,1467,1468,candidate,0.09611529111862183,-0.11508065462112427,True,False
MOT20-05,2231,4070066,444,1467,1468,candidate,0.0778777003288269,-0.0670049786567688,True,False
MOT20-05,2241,4086292,551,1199,1624,suppressor,-0.028951644897460938,-0.06140977144241333,True,True
MOT20-05,2284,4157884,876,1540,1528,candidate,0.08650895953178406,-0.01802593469619751,True,False
MOT20-05,2286,4161950,448,1463,1460,candidate,-0.16032549738883972,-0.21405565738677979,False,False
MOT20-05,2286,4162365,557,104,134,candidate,0.03171694278717041,-0.03192412853240967,True,False
MOT20-05,2287,4164038,557,104,134,candidate,0.025137245655059814,-0.05683678388595581,True,False
MOT20-05,2290,4168321,501,1300,1322,candidate,0.24796324968338013,0.11107796430587769,True,True
MOT20-05,2307,4196246,524,1378,1402,candidate,-0.06828874349594116,-0.06231051683425903,False,False
MOT20-05,2326,4228154,834,1684,70,candidate,0.36799508333206177,-0.13874000310897827,True,False
MOT20-05,2403,4347581,408,1378,1654,suppressor,0.010212868452072144,-0.20835334062576294,False,True
MOT20-05,2448,4417582,674,1352,63,candidate,0.15995442867279053,-0.0010456442832946777,True,False
MOT20-05,2468,4448592,675,63,1352,candidate,0.10722202062606812,-0.05823248624801636,True,False
MOT20-05,2550,4579406,675,63,1352,candidate,0.07810670137405396,-0.017367064952850342,True,False
MOT20-05,2551,4581061,675,63,1352,candidate,0.10719621181488037,-0.02447289228439331,True,False
MOT20-05,2552,4582695,675,63,1352,candidate,0.1031031608581543,-0.016543865203857422,True,False
MOT20-05,2555,4587750,422,1396,1627,candidate,0.06595766544342041,-0.010584652423858643,True,False
MOT20-05,2557,4591219,573,1262,211,suppressor,0.05747336149215698,-0.08921313285827637,False,True
MOT20-05,2558,4592484,675,63,1352,candidate,0.13228321075439453,-0.012633025646209717,True,False
MOT20-05,2559,4594084,675,63,1352,candidate,0.13456612825393677,-0.005836784839630127,True,False
MOT20-05,2560,4595534,876,1540,1690,candidate,0.1263790726661682,-0.013101518154144287,True,False
MOT20-05,2637,4721672,574,1045,195,candidate,0.10968181490898132,-0.012589216232299805,True,False
MOT20-05,2674,4784049,436,1108,1125,candidate,-0.12715774774551392,0.013229966163635254,False,True
MOT20-05,2698,4825944,571,1850,1796,suppressor,0.24734854698181152,-0.059380412101745605,False,True
MOT20-05,2706,4839657,621,1823,1662,candidate,0.0028496980667114258,-0.19196373224258423,True,False
MOT20-05,2729,4878877,573,211,195,candidate,0.015459179878234863,-0.04375898838043213,True,False
MOT20-05,2734,4888074,573,211,195,candidate,-0.13966530561447144,-0.17796695232391357,False,False
MOT20-05,2742,4902543,904,108,1714,candidate,0.049351632595062256,-0.046920180320739746,True,False
MOT20-05,2761,4936319,692,1842,53,candidate,0.19318145513534546,-0.025354206562042236,True,False
MOT20-05,2775,4960024,619,1823,1691,suppressor,-0.026608049869537354,-0.240753173828125,True,True
MOT20-05,2806,5016513,724,1652,1715,candidate,-0.04270195960998535,-0.23181980848312378,False,False
MOT20-05,2810,5023589,619,1868,1691,candidate,-0.015422284603118896,-0.04050356149673462,False,False
MOT20-05,2819,5040216,724,1652,1715,candidate,0.01835012435913086,-0.03510087728500366,True,False
MOT20-05,2820,5041775,619,1812,1691,candidate,-0.08354240655899048,-0.2288159728050232,False,False
MOT20-05,2821,5043231,662,1899,1924,candidate,-0.006386756896972656,-0.03896516561508179,False,False
MOT20-05,2821,5043851,724,1652,1715,candidate,0.0055381059646606445,-0.04091447591781616,True,False
MOT20-05,2822,5045516,662,1899,1924,candidate,-0.01752769947052002,-0.03500247001647949,False,False
MOT20-05,2827,5054558,627,1812,1691,suppressor,-0.09138253331184387,-0.1358872652053833,True,True
MOT20-05,2828,5056378,627,1812,1691,suppressor,-0.042381346225738525,-0.09943228960037231,True,True
MOT20-05,2829,5058192,627,1812,1691,suppressor,-0.07620063424110413,-0.13467305898666382,True,True
MOT20-05,2829,5059143,846,1853,1852,candidate,-0.04907020926475525,-0.12713390588760376,False,False
MOT20-05,2830,5059590,627,1812,1691,suppressor,-0.08103504776954651,-0.1706220507621765,True,True
MOT20-05,2830,5060412,864,1803,1774,candidate,-0.11503404378890991,0.04413801431655884,False,True
MOT20-05,2831,5062906,830,1778,1900,candidate,0.023023784160614014,-0.005920529365539551,True,False
MOT20-05,2836,5070795,573,1796,211,candidate,0.2079487442970276,-0.04471445083618164,True,False
MOT20-05,2837,5072650,573,211,1796,candidate,-0.2648445963859558,0.0006081461906433105,False,True
MOT20-05,2837,5072744,627,1812,1691,candidate,-0.10222655534744263,-0.0010755658149719238,False,False
MOT20-05,2839,5076365,627,1812,1691,candidate,-0.08899909257888794,-0.025418758392333984,False,False
MOT20-05,2851,5098491,906,1724,100,suppressor,0.15942835807800293,-0.11963832378387451,False,True
MOT20-05,2864,5122030,830,1778,1920,candidate,-0.0684918761253357,-0.19860070943832397,False,False
MOT20-05,2866,5125053,786,1724,100,candidate,0.19321423768997192,-0.021007776260375977,True,False
MOT20-05,2867,5126813,786,1724,100,candidate,0.2066323161125183,-0.0199735164642334,True,False
MOT20-05,2868,5128591,786,1724,100,candidate,0.1827012300491333,-0.005141854286193848,True,False
MOT20-05,2871,5134400,692,1842,1862,candidate,0.1960543394088745,-0.016112565994262695,True,False
MOT20-05,2873,5138059,692,1842,1862,candidate,0.12480819225311279,-0.015716850757598877,True,False
MOT20-05,2876,5142510,675,63,1352,candidate,0.18423616886138916,-0.015007376670837402,True,False
MOT20-05,2879,5148634,692,1842,1862,candidate,0.12641072273254395,-0.0037247538566589355,True,False
MOT20-05,2880,5150424,692,1842,1862,candidate,0.12800264358520508,-0.027086377143859863,True,False
MOT20-05,2924,5228948,676,1808,1806,suppressor,-0.04812216758728027,-0.17721199989318848,True,True
MOT20-05,2940,5255906,726,1710,1845,candidate,0.20002025365829468,-0.0024872422218322754,True,False
MOT20-05,2943,5261228,726,1710,1845,candidate,0.184312105178833,-0.001660168170928955,True,False
MOT20-05,2944,5262999,726,1710,1845,candidate,0.1944785714149475,-0.013853132724761963,True,False
MOT20-05,2950,5273620,621,1868,1756,candidate,0.2670346796512604,-0.1953250765800476,True,False
MOT20-05,2959,5290231,654,1748,1751,candidate,-0.14634162187576294,-0.14196401834487915,False,False
MOT20-05,2968,5305806,788,1936,1664,suppressor,0.005428493022918701,-0.15288197994232178,False,True
MOT20-05,2975,5318017,647,1845,1710,candidate,0.14878296852111816,0.02198117971420288,True,True
MOT20-05,2982,5329906,647,1710,1845,suppressor,0.024062514305114746,-0.11080443859100342,False,True
MOT20-05,2988,5340568,726,1710,1845,candidate,0.07978272438049316,-0.007464587688446045,True,False
MOT20-05,2992,5347521,603,1757,1719,suppressor,0.3116878271102905,-0.09185612201690674,False,True
MOT20-05,2997,5356539,638,1653,1750,candidate,0.10727345943450928,-0.06645196676254272,True,False
MOT20-05,2997,5357996,715,1975,1982,candidate,-0.25167930126190186,-0.0009619593620300293,False,False
MOT20-05,3001,5363997,647,1845,1710,candidate,0.09907621145248413,-0.12568682432174683,True,False
MOT20-05,3008,5376004,642,1971,1803,candidate,0.12381786108016968,-0.013803601264953613,True,False
MOT20-05,3013,5386287,715,1975,1982,candidate,-0.1803871989250183,-0.0677916407585144,False,False
MOT20-05,3017,5392669,654,1748,1780,candidate,-0.054331958293914795,-0.029478132724761963,False,False
MOT20-05,3044,5440487,631,1713,1682,candidate,0.14246398210525513,-0.04073750972747803,True,False
MOT20-05,3084,5512004,631,1713,2044,suppressor,-0.19161397218704224,-0.21445614099502563,True,True
MOT20-05,3089,5521972,659,1838,1772,candidate,0.33330294489860535,-0.015381336212158203,True,False
MOT20-05,3094,5531191,905,2038,108,candidate,0.21263861656188965,-0.08947581052780151,True,False
MOT20-05,3096,5534085,640,1808,1903,candidate,-0.1610405147075653,-0.00825035572052002,False,False
MOT20-05,3096,5534822,905,2038,108,candidate,0.17210882902145386,-0.04183518886566162,True,False
MOT20-05,3117,5573431,720,913,883,candidate,-0.11152184009552002,-0.05113118886947632,False,False
MOT20-05,3118,5575234,791,913,883,candidate,-0.0771297812461853,-0.142916738986969,False,False
MOT20-05,3136,5607111,853,1980,1808,candidate,-0.1701650619506836,-0.011276423931121826,False,False
MOT20-05,3141,5616449,791,913,883,candidate,-0.038007766008377075,-0.0672309398651123,False,False
MOT20-05,3196,5714268,655,2057,1795,candidate,-0.22934645414352417,-0.025812149047851562,False,False
MOT20-05,3201,5723226,654,2067,1748,suppressor,0.10471451282501221,-0.17806768417358398,False,True
MOT20-05,3211,5741042,906,100,1724,candidate,-0.12923407554626465,0.00023692846298217773,False,True
MOT20-05,3214,5746931,905,2127,108,candidate,0.27670717239379883,-0.1575794816017151,True,False
MOT20-05,3217,5752190,906,100,1724,candidate,-0.13219326734542847,-0.021731853485107422,False,False
MOT20-05,3281,5863034,853,1838,1980,candidate,-0.2202463448047638,-0.04716974496841431,False,False
MOT20-05,3286,5872009,786,1724,100,candidate,0.2964562177658081,-0.003428220748901367,True,False
MOT20-05,3304,5902790,921,129,1163,candidate,-0.2919127643108368,-0.06955969333648682,False,False
MOT20-05,3305,5904513,921,129,1163,candidate,-0.3060223162174225,-0.022411048412322998,False,False
MOT20-05,3309,5911411,921,129,1163,candidate,-0.21824026107788086,-0.019191503524780273,False,False
